sample,input_speed,input_rpm,input_tp,input_load,input_timing,mstedarls_speed,mstedarls_rpm,mstedarls_tp,mstedarls_load,mstedarls_timing,mstedarls_flag_speed,mstedarls_flag_rpm,mstedarls_flag_tp,mstedarls_flag_load,mstedarls_flag_timing,mptedarls_speed,mptedarls_rpm,mptedarls_tp,mptedarls_load,mptedarls_timing,mptedarls_flag,time_mstedarls_us,time_mptedarls_us
0,15.0,1485.0,14.0,25.0,24.0,15.0,1485.0,14.0,25.0,24.0,0,0,0,0,0,15.0,1485.0,14.0,25.0,24.0,0,406,1706
1,14.0,1531.0,16.0,24.0,23.0,14.0,1531.0,16.0,24.0,23.0,0,0,0,0,0,14.0,1531.0,16.0,24.0,23.0,0,432,4326
2,15.0,1618.0,17.0,25.0,27.0,15.0,1618.0,17.0,25.0,27.0,0,0,0,0,0,15.0,1618.0,17.0,25.0,27.0,0,453,4471
3,15.0,1595.0,20.0,31.0,21.0,15.0,1595.0,20.0,31.0,21.0,0,0,0,0,0,15.0,1595.0,20.0,31.0,21.0,0,438,4317
4,17.0,1538.0,20.0,37.0,18.0,17.0,1538.0,20.0,37.0,18.0,0,0,0,0,0,17.0,1538.0,20.0,37.0,18.0,0,452,4468
5,18.0,1502.0,18.0,31.0,29.0,18.0,1502.0,18.0,31.0,29.0,0,0,0,0,0,18.0,1502.0,18.0,31.0,29.0,0,450,4311
6,20.0,1550.0,15.0,23.0,26.0,20.0,1550.0,15.0,23.0,26.0,0,0,0,0,0,20.0,1550.0,15.0,23.0,26.0,0,438,4318
7,22.0,1467.0,15.0,25.0,-1.0,22.0,1467.0,15.0,25.0,-1.0,0,0,0,0,0,22.0,1467.0,15.0,25.0,-1.0,0,445,4315
8,24.0,1173.0,15.0,36.0,-29.0,24.0,1173.0,15.0,36.0,-29.0,0,0,0,0,0,24.0,1173.0,15.0,36.0,-29.0,0,436,4483
9,25.0,1101.0,14.0,35.0,-19.0,25.0,1101.0,14.0,35.0,-19.0,0,0,0,0,0,25.0,1101.0,14.0,35.0,-19.0,0,438,4317
10,26.0,1099.0,14.0,34.0,-20.0,26.0,1099.0,14.0,34.0,-20.0,0,0,0,0,0,26.0,1099.0,14.0,34.0,-20.0,0,454,4299
11,25.0,1083.0,14.0,32.0,-16.0,25.0,1083.0,14.0,32.0,-16.0,0,0,0,0,0,25.0,1083.0,14.0,32.0,-16.0,0,437,4305
12,20.0,1097.0,14.0,32.0,-20.0,20.0,1097.0,14.0,32.0,-20.0,0,0,0,0,0,20.0,1097.0,14.0,32.0,-20.0,0,452,4322
13,13.0,1054.0,14.0,32.0,-16.0,13.0,1054.0,14.0,32.0,-16.0,0,0,0,0,0,13.0,1054.0,14.0,32.0,-16.0,0,438,4325
14,9.0,967.0,14.0,34.0,-12.0,9.0,967.0,14.0,34.0,-12.0,0,0,0,0,0,9.0,967.0,14.0,34.0,-12.0,0,441,4325
15,8.0,936.0,14.0,35.0,-11.0,8.0,936.0,14.0,35.0,-11.0,0,0,0,0,0,8.0,936.0,14.0,35.0,-11.0,0,439,4318
16,8.0,942.0,14.0,35.0,-10.0,8.0,942.0,14.0,35.0,-10.0,0,0,0,0,0,8.0,942.0,14.0,35.0,-10.0,0,453,4504
17,9.0,1168.0,16.0,36.0,0.0,9.0,1168.0,16.0,36.0,0.0,0,0,0,0,0,9.0,1168.0,16.0,36.0,0.0,0,450,4306
18,11.0,1517.0,21.0,40.0,16.0,11.0,1517.0,21.0,40.0,16.0,0,0,0,0,0,11.0,1517.0,21.0,40.0,16.0,0,456,4316
19,14.0,1864.0,21.0,32.0,13.0,14.0,1864.0,21.0,32.0,13.0,0,0,0,0,0,14.0,1864.0,21.0,32.0,13.0,0,435,4328
20,17.0,1810.0,21.0,38.0,12.0,17.0,1810.0,21.0,38.0,12.0,0,0,0,0,0,17.0,1810.0,21.0,38.0,12.0,0,438,4301
21,20.0,1859.0,20.0,36.0,17.0,20.0,1859.0,20.0,36.0,17.0,0,0,0,0,0,20.0,1859.0,20.0,36.0,17.0,0,450,4309
22,23.0,1560.0,19.0,44.0,17.0,23.0,1560.0,19.0,44.0,17.0,0,0,0,0,0,23.0,1560.0,19.0,44.0,17.0,0,440,4325
23,25.0,1517.0,17.0,29.0,27.0,25.0,1517.0,17.0,29.0,27.0,0,0,0,0,0,25.0,1517.0,17.0,29.0,27.0,0,449,4299
24,26.0,1506.0,15.0,26.0,24.0,26.0,1506.0,15.0,26.0,24.0,0,0,0,0,0,26.0,1506.0,15.0,26.0,24.0,0,451,4312
25,26.0,1592.0,14.0,20.0,30.0,26.0,1592.0,14.0,20.0,30.0,0,0,0,0,0,26.0,1592.0,14.0,20.0,30.0,0,436,4311
26,26.0,1513.0,14.0,20.0,-11.0,26.0,1513.0,14.0,20.0,-11.0,0,0,0,0,0,26.0,1513.0,14.0,20.0,-11.0,0,454,4299
27,26.0,1197.0,14.0,36.0,-24.0,26.0,1197.0,14.0,36.0,-24.0,0,0,0,0,0,26.0,1197.0,14.0,36.0,-24.0,0,448,4306
28,25.0,1120.0,14.0,34.0,-23.0,25.0,1120.0,14.0,34.0,-23.0,0,0,0,0,0,25.0,1120.0,14.0,34.0,-23.0,0,433,4306
29,24.0,1091.0,14.0,32.0,-19.0,24.0,1091.0,14.0,32.0,-19.0,0,0,0,0,0,24.0,1091.0,14.0,32.0,-19.0,0,453,4303
30,22.0,1089.0,14.0,33.0,-21.0,22.0,1089.0,14.0,33.0,-21.0,0,0,0,0,0,22.0,1089.0,14.0,33.0,-21.0,0,437,4313
31,17.0,1079.0,14.0,33.0,-19.0,17.0,1079.0,14.0,33.0,-19.0,0,0,0,0,0,17.0,1079.0,14.0,33.0,-19.0,0,437,4311
32,11.0,1020.0,14.0,33.0,-15.0,11.0,1020.0,14.0,33.0,-15.0,0,0,0,0,0,11.0,1020.0,14.0,33.0,-15.0,0,457,4494
33,7.0,936.0,15.0,35.0,-3.0,7.0,936.0,15.0,35.0,-3.0,0,0,0,0,0,7.0,936.0,15.0,35.0,-3.0,0,440,4327
34,3.0,1006.0,18.0,58.0,-12.0,3.0,1006.0,18.0,33.12,-12.0,0,0,0,1,0,3.0,1006.0,18.0,58.0,-12.0,0,449,4307
35,0.0,928.0,17.0,58.0,-9.0,0.0,928.0,17.0,33.12,-9.0,0,0,0,1,0,0.0,928.0,17.0,58.0,-9.0,0,449,4230
36,0.0,947.0,17.0,58.0,-9.0,0.0,947.0,17.0,58.0,-9.0,0,0,0,0,0,0.0,947.0,17.0,58.0,-9.0,0,434,4245
37,0.0,915.0,16.0,40.0,-1.0,0.0,915.0,16.0,40.0,-1.0,0,0,0,0,0,0.0,915.0,16.0,40.0,-1.0,0,452,4234
38,2.0,963.0,18.0,60.0,-9.0,2.0,963.0,18.0,60.0,-9.0,0,0,0,0,0,2.0,963.0,18.0,60.0,-9.0,0,436,4315
39,5.0,1001.0,18.0,60.0,-11.0,5.0,1001.0,18.0,60.0,-11.0,0,0,0,0,0,5.0,1001.0,18.0,60.0,-11.0,0,450,4304
40,6.0,928.0,16.0,55.0,-9.0,6.0,928.0,16.0,55.0,-9.0,0,0,0,0,0,6.0,928.0,16.0,55.0,-9.0,0,457,4312
41,7.0,923.0,15.0,47.0,-11.0,7.0,923.0,15.0,47.0,-11.0,0,0,0,0,0,7.0,923.0,15.0,47.0,-11.0,0,436,4303
42,8.0,1055.0,14.0,38.0,10.0,8.0,1055.0,14.0,38.0,10.0,0,0,0,0,0,8.0,1055.0,14.0,38.0,10.0,0,438,4313
43,7.0,988.0,16.0,36.0,-2.0,7.0,988.0,16.0,36.0,-2.0,0,0,0,0,0,7.0,988.0,16.0,36.0,-2.0,0,454,4311
44,7.0,975.0,17.0,50.0,-14.0,7.0,975.0,17.0,50.0,-14.0,0,0,0,0,0,7.0,975.0,17.0,50.0,-14.0,0,457,4299
45,7.0,954.0,16.0,49.0,-13.0,7.0,954.0,16.0,49.0,-13.0,0,0,0,0,0,7.0,954.0,16.0,49.0,-13.0,0,451,4307
46,6.0,964.0,18.0,55.0,-11.0,6.0,964.0,18.0,55.0,-11.0,0,0,0,0,0,6.0,964.0,18.0,55.0,-11.0,0,437,4317
47,4.0,1008.0,20.0,63.0,-12.0,4.0,1008.0,20.0,63.0,-12.0,0,0,0,0,0,4.0,1008.0,20.0,63.0,-12.0,0,441,4303
48,0.0,981.0,18.0,64.0,-12.0,0.0,981.0,18.0,64.0,-12.0,0,0,0,0,0,0.0,981.0,18.0,64.0,-12.0,0,457,4237
49,0.0,973.0,18.0,63.0,-10.0,0.0,973.0,18.0,63.0,-10.0,0,0,0,0,0,0.0,973.0,18.0,63.0,-10.0,0,439,4248
50,4.0,1181.0,21.0,61.0,10.0,4.0,1181.0,21.0,61.0,10.0,0,0,0,0,0,4.0,1181.0,21.0,61.0,10.0,0,455,4305
51,9.0,1646.0,89.0,52.0,13.0,9.0,1646.0,18.78,52.0,13.0,0,0,1,0,0,9.0,1646.0,89.0,52.0,13.0,0,448,4294
52,14.0,2158.0,89.0,50.0,8.0,14.0,1221.48,18.78,50.0,8.0,0,1,1,0,0,14.0,2158.0,89.0,50.0,8.0,0,439,4325
53,24.0,2804.0,89.0,75.0,10.0,24.0,1221.48,18.78,75.0,10.0,0,1,1,0,0,27.43,2419.24,94.66,93.17,36.17,1,437,4227
54,34.0,2513.0,88.0,84.0,1.0,34.0,1221.48,18.78,60.95,1.0,0,1,1,1,0,20.18,2636.93,56.75,55.22,20.65,1,456,4244
55,42.0,2531.0,89.0,89.0,0.0,42.0,2531.0,18.78,60.95,0.0,0,0,1,1,0,19.5,2876.09,42.37,40.32,17.13,1,454,4234
56,51.0,2612.0,32.0,99.0,1.0,25.89,2612.0,32.0,60.95,1.0,1,0,0,1,0,51.0,2612.0,32.0,99.0,1.0,0,455,4417
57,55.0,2141.0,39.0,72.0,19.0,25.89,2141.0,39.0,72.0,19.0,1,0,0,0,0,55.0,2141.0,39.0,72.0,19.0,0,454,4311
58,54.0,1610.0,15.0,20.0,-26.0,25.89,1610.0,15.0,20.0,-26.0,1,0,0,0,0,54.0,1610.0,15.0,20.0,-26.0,0,439,4322
59,47.0,1400.0,14.0,31.0,0.0,47.0,1400.0,14.0,31.0,0.0,0,0,0,0,0,47.0,1400.0,14.0,31.0,0.0,0,453,4293
60,36.0,1510.0,16.0,29.0,0.0,36.0,1510.0,16.0,29.0,0.0,0,0,0,0,0,36.0,1510.0,16.0,29.0,0.0,0,453,4308
61,24.0,1345.0,15.0,33.0,0.0,24.0,1345.0,15.0,33.0,0.0,0,0,0,0,0,24.0,1345.0,15.0,33.0,0.0,0,460,4307
62,18.0,1190.0,17.0,42.0,11.0,18.0,1190.0,17.0,42.0,11.0,0,0,0,0,0,18.0,1190.0,17.0,42.0,11.0,0,455,4302
63,20.0,2386.0,89.0,45.0,9.0,20.0,2386.0,17.77,45.0,9.0,0,0,1,0,0,20.0,2386.0,89.0,45.0,9.0,0,438,4317
64,28.0,2422.0,89.0,60.0,8.0,28.0,2422.0,89.0,60.0,8.0,0,0,0,0,0,28.0,2422.0,89.0,60.0,8.0,0,437,4532
65,34.0,2197.0,89.0,72.0,5.0,34.0,2197.0,89.0,72.0,5.0,0,0,0,0,0,34.0,2197.0,89.0,72.0,5.0,0,450,4306
66,42.0,2463.0,89.0,81.0,1.0,42.0,2463.0,89.0,81.0,1.0,0,0,0,0,0,25.35,2706.23,57.48,53.77,12.06,1,458,4241
67,50.0,2622.0,39.0,93.0,0.0,50.0,2622.0,39.0,93.0,0.0,0,0,0,0,0,50.0,2622.0,39.0,93.0,0.0,0,453,4307
68,56.0,2649.0,51.0,95.0,-1.0,56.0,2649.0,51.0,95.0,-1.0,0,0,0,0,0,56.0,2649.0,51.0,95.0,-1.0,0,453,4305
69,62.0,2610.0,36.0,92.0,1.0,62.0,2610.0,36.0,92.0,1.0,0,0,0,0,0,62.0,2610.0,36.0,92.0,1.0,0,436,4305
70,64.0,1967.0,89.0,52.0,12.0,64.0,1967.0,89.0,52.0,12.0,0,0,0,0,0,64.0,1967.0,89.0,52.0,12.0,0,458,4298
71,64.0,1702.0,89.0,69.0,31.0,64.0,1702.0,89.0,69.0,31.0,0,0,0,0,0,11.91,2905.58,33.26,33.79,-3.42,1,438,4219
72,63.0,1530.0,25.0,45.0,11.0,63.0,1530.0,25.0,45.0,11.0,0,0,0,0,0,63.0,1530.0,25.0,45.0,11.0,0,438,4299
73,63.0,2317.0,89.0,65.0,5.0,63.0,2317.0,89.0,65.0,5.0,0,0,0,0,0,63.0,2317.0,89.0,65.0,5.0,0,451,4302
74,66.0,2416.0,28.0,63.0,12.0,66.0,2416.0,28.0,63.0,12.0,0,0,0,0,0,66.0,2416.0,28.0,63.0,12.0,0,438,4317
75,67.0,2101.0,84.0,67.0,8.0,67.0,2101.0,84.0,67.0,8.0,0,0,0,0,0,67.0,2101.0,84.0,67.0,8.0,0,460,4300
76,69.0,2332.0,89.0,68.0,7.0,69.0,2332.0,89.0,68.0,7.0,0,0,0,0,0,44.07,2550.13,55.79,60.27,11.2,1,452,4237
77,71.0,2356.0,29.0,64.0,14.0,71.0,2356.0,29.0,64.0,14.0,0,0,0,0,0,71.0,2356.0,29.0,64.0,14.0,0,438,4298
78,71.0,1863.0,31.0,56.0,12.0,71.0,1863.0,31.0,56.0,12.0,0,0,0,0,0,71.0,1863.0,31.0,56.0,12.0,0,458,4305
79,70.0,1631.0,16.0,35.0,33.0,70.0,1631.0,16.0,35.0,33.0,0,0,0,0,0,70.0,1631.0,16.0,35.0,33.0,0,435,4312
80,68.0,1523.0,15.0,19.0,0.0,68.0,1523.0,15.0,19.0,0.0,0,0,0,0,0,68.0,1523.0,15.0,19.0,0.0,0,439,4297
81,62.0,1563.0,14.0,18.0,0.0,62.0,1563.0,14.0,18.0,0.0,0,0,0,0,0,62.0,1563.0,14.0,18.0,0.0,0,452,4295
82,59.0,1569.0,14.0,20.0,0.0,59.0,1569.0,14.0,20.0,0.0,0,0,0,0,0,59.0,1569.0,14.0,20.0,0.0,0,437,4323
83,56.0,1515.0,14.0,21.0,0.0,56.0,1515.0,14.0,21.0,0.0,0,0,0,0,0,56.0,1515.0,14.0,21.0,0.0,0,453,4289
84,55.0,1525.0,14.0,21.0,0.0,55.0,1525.0,14.0,21.0,0.0,0,0,0,0,0,55.0,1525.0,14.0,21.0,0.0,0,436,4311
85,55.0,1536.0,14.0,22.0,0.0,55.0,1536.0,14.0,22.0,0.0,0,0,0,0,0,55.0,1536.0,14.0,22.0,0.0,0,438,4312
86,54.0,1517.0,14.0,22.0,0.0,54.0,1517.0,14.0,22.0,0.0,0,0,0,0,0,54.0,1517.0,14.0,22.0,0.0,0,439,4300
87,50.0,1486.0,14.0,22.0,0.0,50.0,1486.0,14.0,22.0,0.0,0,0,0,0,0,50.0,1486.0,14.0,22.0,0.0,0,454,4293
88,42.0,1516.0,14.0,22.0,0.0,42.0,1516.0,14.0,22.0,0.0,0,0,0,0,0,42.0,1516.0,14.0,22.0,0.0,0,459,4302
89,33.0,1510.0,14.0,22.0,0.0,33.0,1510.0,14.0,22.0,0.0,0,0,0,0,0,33.0,1510.0,14.0,22.0,0.0,0,453,4302
90,23.0,1256.0,16.0,31.0,-20.0,23.0,1256.0,16.0,31.0,-20.0,0,0,0,0,0,23.0,1256.0,16.0,31.0,-20.0,0,439,4313
91,20.0,1288.0,16.0,36.0,-4.0,20.0,1288.0,16.0,36.0,-4.0,0,0,0,0,0,20.0,1288.0,16.0,36.0,-4.0,0,439,4302
92,22.0,1791.0,23.0,37.0,-2.0,22.0,1791.0,23.0,37.0,-2.0,0,0,0,0,0,22.0,1791.0,23.0,37.0,-2.0,0,466,4301
93,26.0,2053.0,89.0,43.0,7.0,26.0,2053.0,89.0,43.0,7.0,0,0,0,0,0,26.0,2053.0,89.0,43.0,7.0,0,438,4320
94,31.0,1996.0,89.0,58.0,4.0,31.0,1996.0,89.0,58.0,4.0,0,0,0,0,0,31.0,1996.0,89.0,58.0,4.0,0,454,4294
95,37.0,2243.0,89.0,70.0,3.0,37.0,2243.0,89.0,70.0,3.0,0,0,0,0,0,37.0,2243.0,89.0,70.0,3.0,0,445,4290
96,44.0,2445.0,89.0,79.0,3.0,44.0,2445.0,89.0,79.0,3.0,0,0,0,0,0,44.0,2445.0,89.0,79.0,3.0,0,439,4314
97,53.0,2639.0,32.0,92.0,2.0,53.0,2639.0,32.0,92.0,2.0,0,0,0,0,0,53.0,2639.0,32.0,92.0,2.0,0,438,4302
98,59.0,2498.0,81.0,78.0,2.0,59.0,2498.0,81.0,78.0,2.0,0,0,0,0,0,59.0,2498.0,81.0,78.0,2.0,0,455,4306
99,65.0,2661.0,38.0,96.0,0.0,65.0,2661.0,38.0,96.0,0.0,0,0,0,0,0,65.0,2661.0,38.0,96.0,0.0,0,438,4300
100,70.0,2700.0,41.0,94.0,0.0,70.0,2700.0,41.0,94.0,0.0,0,0,0,0,0,70.0,2700.0,41.0,94.0,0.0,0,456,4307
101,75.0,2668.0,40.0,92.0,1.0,75.0,2668.0,40.0,92.0,1.0,0,0,0,0,0,75.0,2668.0,40.0,92.0,1.0,0,433,4297
102,80.0,2686.0,40.0,99.0,0.0,80.0,2686.0,40.0,99.0,0.0,0,0,0,0,0,64.37,2822.58,38.3,88.13,2.89,1,439,4227
103,85.0,2770.0,42.0,96.0,0.0,85.0,2770.0,42.0,96.0,0.0,0,0,0,0,0,66.74,2820.71,36.02,91.84,6.94,1,452,4227
104,89.0,2914.0,89.0,100.0,0.0,89.0,2914.0,89.0,100.0,0.0,0,0,0,0,0,55.06,3042.26,37.25,99.46,12.72,1,434,4242
105,94.0,2877.0,34.0,100.0,0.0,94.0,2877.0,34.0,100.0,0.0,0,0,0,0,0,72.21,2922.09,31.28,96.17,8.36,1,454,4220
106,96.0,2362.0,38.0,65.0,5.0,96.0,2362.0,38.0,65.0,5.0,0,0,0,0,0,60.55,2528.91,12.23,67.21,10.11,1,459,5312
107,98.0,2694.0,89.0,87.0,1.0,98.0,2694.0,89.0,87.0,1.0,0,0,0,0,0,98.0,2694.0,89.0,87.0,1.0,0,435,4320
108,99.0,2475.0,17.0,26.0,42.0,99.0,2475.0,17.0,26.0,42.0,0,0,0,0,0,99.0,2475.0,17.0,26.0,42.0,0,430,4298
109,98.0,1886.0,12.0,10.0,0.0,98.0,1886.0,12.0,10.0,0.0,0,0,0,0,0,98.0,1886.0,12.0,10.0,0.0,0,450,4315
110,92.0,1782.0,12.0,10.0,0.0,92.0,1782.0,12.0,10.0,0.0,0,0,0,0,0,92.0,1782.0,12.0,10.0,0.0,0,438,4309
111,88.0,1697.0,13.0,13.0,0.0,88.0,1697.0,13.0,13.0,0.0,0,0,0,0,0,88.0,1697.0,13.0,13.0,0.0,0,452,4312
112,86.0,1742.0,23.0,37.0,11.0,86.0,1742.0,23.0,37.0,11.0,0,0,0,0,0,86.0,1742.0,23.0,37.0,11.0,0,439,4332
113,85.0,1649.0,12.0,16.0,21.0,85.0,1649.0,12.0,16.0,21.0,0,0,0,0,0,85.0,1649.0,12.0,16.0,21.0,0,438,4302
114,79.0,1558.0,12.0,13.0,0.0,79.0,1558.0,12.0,13.0,0.0,0,0,0,0,0,79.0,1558.0,12.0,13.0,0.0,0,459,4311
115,72.0,1603.0,14.0,16.0,0.0,72.0,1603.0,14.0,16.0,0.0,0,0,0,0,0,72.0,1603.0,14.0,16.0,0.0,0,454,4307
116,66.0,1586.0,14.0,18.0,0.0,66.0,1586.0,14.0,18.0,0.0,0,0,0,0,0,66.0,1586.0,14.0,18.0,0.0,0,459,4312
117,63.0,1561.0,14.0,19.0,0.0,63.0,1561.0,14.0,19.0,0.0,0,0,0,0,0,63.0,1561.0,14.0,19.0,0.0,0,438,4325
118,59.0,1511.0,13.0,20.0,0.0,59.0,1511.0,13.0,20.0,0.0,0,0,0,0,0,59.0,1511.0,13.0,20.0,0.0,0,438,4338
119,52.0,1507.0,14.0,21.0,0.0,52.0,1507.0,14.0,21.0,0.0,0,0,0,0,0,52.0,1507.0,14.0,21.0,0.0,0,450,4312
120,43.0,1495.0,14.0,23.0,0.0,43.0,1495.0,14.0,23.0,0.0,0,0,0,0,0,43.0,1495.0,14.0,23.0,0.0,0,438,4319
121,35.0,1541.0,14.0,21.0,0.0,35.0,1541.0,14.0,21.0,0.0,0,0,0,0,0,35.0,1541.0,14.0,21.0,0.0,0,439,4310
122,28.0,1505.0,14.0,22.0,0.0,28.0,1505.0,14.0,22.0,0.0,0,0,0,0,0,28.0,1505.0,14.0,22.0,0.0,0,460,4307
123,26.0,1605.0,19.0,33.0,21.0,26.0,1605.0,19.0,33.0,21.0,0,0,0,0,0,26.0,1605.0,19.0,33.0,21.0,0,437,4331
124,27.0,1824.0,23.0,31.0,20.0,27.0,1824.0,23.0,31.0,20.0,0,0,0,0,0,27.0,1824.0,23.0,31.0,20.0,0,433,4326
125,29.0,1802.0,25.0,39.0,18.0,29.0,1802.0,25.0,39.0,18.0,0,0,0,0,0,29.0,1802.0,25.0,39.0,18.0,0,438,4313
126,31.0,1582.0,28.0,52.0,13.0,31.0,1582.0,28.0,52.0,13.0,0,0,0,0,0,31.0,1582.0,28.0,52.0,13.0,0,456,4317
127,32.0,1490.0,18.0,35.0,31.0,32.0,1490.0,18.0,35.0,31.0,0,0,0,0,0,32.0,1490.0,18.0,35.0,31.0,0,440,4342
128,32.0,1515.0,14.0,23.0,29.0,32.0,1515.0,14.0,23.0,29.0,0,0,0,0,0,32.0,1515.0,14.0,23.0,29.0,0,438,4617
129,32.0,1519.0,16.0,23.0,25.0,32.0,1519.0,16.0,23.0,25.0,0,0,0,0,0,32.0,1519.0,16.0,23.0,25.0,0,456,4311
130,32.0,1531.0,16.0,25.0,23.0,32.0,1531.0,16.0,25.0,23.0,0,0,0,0,0,32.0,1531.0,16.0,25.0,23.0,0,439,4325
131,33.0,1530.0,21.0,35.0,22.0,33.0,1530.0,21.0,35.0,22.0,0,0,0,0,0,33.0,1530.0,21.0,35.0,22.0,0,450,4307
132,33.0,1515.0,22.0,40.0,23.0,33.0,1515.0,22.0,40.0,23.0,0,0,0,0,0,33.0,1515.0,22.0,40.0,23.0,0,442,4327
133,34.0,1519.0,20.0,34.0,28.0,34.0,1519.0,20.0,34.0,28.0,0,0,0,0,0,34.0,1519.0,20.0,34.0,28.0,0,446,4326
134,35.0,1524.0,20.0,32.0,29.0,35.0,1524.0,20.0,32.0,29.0,0,0,0,0,0,35.0,1524.0,20.0,32.0,29.0,0,439,4328
135,35.0,1518.0,16.0,29.0,29.0,35.0,1518.0,16.0,29.0,29.0,0,0,0,0,0,35.0,1518.0,16.0,29.0,29.0,0,459,4313
136,35.0,1530.0,14.0,26.0,30.0,35.0,1530.0,14.0,26.0,30.0,0,0,0,0,0,35.0,1530.0,14.0,26.0,30.0,0,439,4324
137,32.0,1483.0,14.0,23.0,0.0,32.0,1483.0,14.0,23.0,0.0,0,0,0,0,0,32.0,1483.0,14.0,23.0,0.0,0,455,4319
138,26.0,1259.0,15.0,27.0,0.0,26.0,1259.0,15.0,27.0,0.0,0,0,0,0,0,26.0,1259.0,15.0,27.0,0.0,0,441,4331
139,24.0,1178.0,15.0,38.0,-22.0,24.0,1178.0,15.0,38.0,-22.0,0,0,0,0,0,24.0,1178.0,15.0,38.0,-22.0,0,439,4333
140,22.0,1109.0,14.0,34.0,-20.0,22.0,1109.0,14.0,34.0,-20.0,0,0,0,0,0,22.0,1109.0,14.0,34.0,-20.0,0,458,4303
141,21.0,1098.0,15.0,33.0,-19.0,21.0,1098.0,15.0,33.0,-19.0,0,0,0,0,0,21.0,1098.0,15.0,33.0,-19.0,0,441,4327
142,20.0,1094.0,15.0,34.0,-17.0,20.0,1094.0,15.0,34.0,-17.0,0,0,0,0,0,20.0,1094.0,15.0,34.0,-17.0,0,460,4300
143,19.0,1101.0,15.0,35.0,7.0,19.0,1101.0,15.0,35.0,7.0,0,0,0,0,0,19.0,1101.0,15.0,35.0,7.0,0,456,4311
144,19.0,1542.0,15.0,22.0,20.0,19.0,1542.0,15.0,22.0,20.0,0,0,0,0,0,19.0,1542.0,15.0,22.0,20.0,0,439,4324
145,19.0,1492.0,15.0,24.0,3.0,19.0,1492.0,15.0,24.0,3.0,0,0,0,0,0,19.0,1492.0,15.0,24.0,3.0,0,439,4312
146,18.0,1364.0,17.0,40.0,-32.0,18.0,1364.0,17.0,40.0,-32.0,0,0,0,0,0,18.0,1364.0,17.0,40.0,-32.0,0,458,4304
147,13.0,1095.0,15.0,38.0,-21.0,13.0,1095.0,15.0,38.0,-21.0,0,0,0,0,0,13.0,1095.0,15.0,38.0,-21.0,0,438,4306
148,5.0,879.0,20.0,40.0,11.0,5.0,879.0,20.0,40.0,11.0,0,0,0,0,0,5.0,879.0,20.0,40.0,11.0,0,455,4301
149,0.0,984.0,19.0,63.0,-10.0,0.0,984.0,19.0,63.0,-10.0,0,0,0,0,0,0.0,984.0,19.0,63.0,-10.0,0,437,4230
150,0.0,968.0,19.0,64.0,-11.0,0.0,968.0,19.0,64.0,-11.0,0,0,0,0,0,0.0,968.0,19.0,64.0,-11.0,0,437,4228
151,0.0,955.0,14.0,58.0,-5.0,0.0,955.0,14.0,58.0,-5.0,0,0,0,0,0,0.0,955.0,14.0,58.0,-5.0,0,455,4235
152,0.0,953.0,20.0,60.0,-15.0,0.0,953.0,20.0,60.0,-15.0,0,0,0,0,0,0.0,953.0,20.0,60.0,-15.0,0,459,4231
153,3.0,996.0,19.0,65.0,-11.0,3.0,996.0,19.0,65.0,-11.0,0,0,0,0,0,3.0,996.0,19.0,65.0,-11.0,0,454,4304
154,5.0,1013.0,20.0,67.0,5.0,5.0,1013.0,20.0,67.0,5.0,0,0,0,0,0,5.0,1013.0,20.0,67.0,5.0,0,437,4325
155,8.0,1280.0,20.0,47.0,12.0,8.0,1280.0,20.0,47.0,12.0,0,0,0,0,0,8.0,1280.0,20.0,47.0,12.0,0,452,4303
156,10.0,1462.0,23.0,46.0,14.0,10.0,1462.0,23.0,46.0,14.0,0,0,0,0,0,10.0,1462.0,23.0,46.0,14.0,0,454,4300
157,13.0,1862.0,26.0,39.0,14.0,13.0,1862.0,26.0,39.0,14.0,0,0,0,0,0,13.0,1862.0,26.0,39.0,14.0,0,454,4309
158,17.0,1894.0,27.0,39.0,12.0,17.0,1894.0,27.0,39.0,12.0,0,0,0,0,0,17.0,1894.0,27.0,39.0,12.0,0,439,4312
159,19.0,1909.0,32.0,42.0,15.0,19.0,1909.0,32.0,42.0,15.0,0,0,0,0,0,19.0,1909.0,32.0,42.0,15.0,0,453,4322
160,23.0,1915.0,89.0,43.0,12.0,23.0,1915.0,89.0,43.0,12.0,0,0,0,0,0,23.0,1915.0,89.0,43.0,12.0,0,438,4321
161,26.0,1737.0,89.0,61.0,11.0,26.0,1737.0,89.0,61.0,11.0,0,0,0,0,0,26.0,1737.0,89.0,61.0,11.0,0,438,4321
162,30.0,1854.0,89.0,60.0,11.0,30.0,1854.0,89.0,60.0,11.0,0,0,0,0,0,30.0,1854.0,89.0,60.0,11.0,0,438,4311
163,33.0,1903.0,89.0,59.0,10.0,33.0,1903.0,89.0,59.0,10.0,0,0,0,0,0,33.0,1903.0,89.0,59.0,10.0,0,450,4309
164,37.0,2002.0,89.0,56.0,10.0,37.0,2002.0,89.0,56.0,10.0,0,0,0,0,0,37.0,2002.0,89.0,56.0,10.0,0,438,4323
165,41.0,2037.0,89.0,58.0,11.0,41.0,2037.0,89.0,58.0,11.0,0,0,0,0,0,41.0,2037.0,89.0,58.0,11.0,0,458,4301
166,44.0,2142.0,89.0,60.0,8.0,44.0,2142.0,89.0,60.0,8.0,0,0,0,0,0,44.0,2142.0,89.0,60.0,8.0,0,454,4302
167,48.0,2232.0,89.0,64.0,9.0,48.0,2232.0,89.0,64.0,9.0,0,0,0,0,0,48.0,2232.0,89.0,64.0,9.0,0,438,4309
168,51.0,2146.0,89.0,63.0,10.0,51.0,2146.0,89.0,63.0,10.0,0,0,0,0,0,51.0,2146.0,89.0,63.0,10.0,0,438,4327
169,54.0,2143.0,89.0,61.0,10.0,54.0,2143.0,89.0,61.0,10.0,0,0,0,0,0,54.0,2143.0,89.0,61.0,10.0,0,453,4314
170,56.0,2153.0,89.0,60.0,11.0,56.0,2153.0,89.0,60.0,11.0,0,0,0,0,0,56.0,2153.0,89.0,60.0,11.0,0,461,4322
171,59.0,1998.0,32.0,55.0,12.0,59.0,1998.0,32.0,55.0,12.0,0,0,0,0,0,59.0,1998.0,32.0,55.0,12.0,0,439,4311
172,60.0,1829.0,22.0,52.0,31.0,60.0,1829.0,22.0,52.0,31.0,0,0,0,0,0,60.0,1829.0,22.0,52.0,31.0,0,459,4309
173,62.0,1456.0,14.0,24.0,25.0,62.0,1456.0,14.0,24.0,25.0,0,0,0,0,0,62.0,1456.0,14.0,24.0,25.0,0,454,4305
174,61.0,1531.0,12.0,21.0,0.0,61.0,1531.0,12.0,21.0,0.0,0,0,0,0,0,61.0,1531.0,12.0,21.0,0.0,0,435,4310
175,57.0,1529.0,14.0,21.0,0.0,57.0,1529.0,14.0,21.0,0.0,0,0,0,0,0,57.0,1529.0,14.0,21.0,0.0,0,439,4307
176,51.0,1526.0,14.0,23.0,0.0,51.0,1526.0,14.0,23.0,0.0,0,0,0,0,0,51.0,1526.0,14.0,23.0,0.0,0,459,4306
177,44.0,1512.0,14.0,23.0,0.0,44.0,1512.0,14.0,23.0,0.0,0,0,0,0,0,44.0,1512.0,14.0,23.0,0.0,0,455,4308
178,37.0,1514.0,14.0,23.0,0.0,37.0,1514.0,14.0,23.0,0.0,0,0,0,0,0,37.0,1514.0,14.0,23.0,0.0,0,457,4305
179,28.0,1479.0,14.0,24.0,0.0,28.0,1479.0,14.0,24.0,0.0,0,0,0,0,0,28.0,1479.0,14.0,24.0,0.0,0,452,4321
180,19.0,1161.0,15.0,38.0,-24.0,19.0,1161.0,15.0,38.0,-24.0,0,0,0,0,0,19.0,1161.0,15.0,38.0,-24.0,0,442,4325
181,18.0,1600.0,20.0,27.0,0.0,18.0,1600.0,20.0,27.0,0.0,0,0,0,0,0,18.0,1600.0,20.0,27.0,0.0,0,437,4314
182,20.0,1827.0,23.0,35.0,9.0,20.0,1827.0,23.0,35.0,9.0,0,0,0,0,0,20.0,1827.0,23.0,35.0,9.0,0,438,4321
183,23.0,1822.0,32.0,46.0,7.0,23.0,1822.0,32.0,46.0,7.0,0,0,0,0,0,23.0,1822.0,32.0,46.0,7.0,0,454,4313
184,27.0,1683.0,89.0,55.0,12.0,27.0,1683.0,89.0,55.0,12.0,0,0,0,0,0,27.0,1683.0,89.0,55.0,12.0,0,458,4315
185,30.0,1581.0,29.0,58.0,13.0,30.0,1581.0,29.0,58.0,13.0,0,0,0,0,0,30.0,1581.0,29.0,58.0,13.0,0,449,4306
186,33.0,1500.0,21.0,50.0,22.0,33.0,1500.0,21.0,50.0,22.0,0,0,0,0,0,33.0,1500.0,21.0,50.0,22.0,0,438,4332
187,33.0,1509.0,13.0,21.0,6.0,33.0,1509.0,13.0,21.0,6.0,0,0,0,0,0,33.0,1509.0,13.0,21.0,6.0,0,441,4326
188,30.0,1482.0,13.0,24.0,0.0,30.0,1482.0,13.0,24.0,0.0,0,0,0,0,0,30.0,1482.0,13.0,24.0,0.0,0,439,4311
189,24.0,1144.0,17.0,31.0,-34.0,24.0,1144.0,17.0,31.0,-34.0,0,0,0,0,0,24.0,1144.0,17.0,31.0,-34.0,0,451,4303
190,17.0,1142.0,15.0,36.0,-22.0,17.0,1142.0,15.0,36.0,-22.0,0,0,0,0,0,17.0,1142.0,15.0,36.0,-22.0,0,459,4301
191,14.0,1796.0,24.0,35.0,0.0,14.0,1796.0,24.0,35.0,0.0,0,0,0,0,0,14.0,1796.0,24.0,35.0,0.0,0,460,4301
192,16.0,2167.0,59.0,41.0,9.0,16.0,2167.0,59.0,41.0,9.0,0,0,0,0,0,16.0,2167.0,59.0,41.0,9.0,0,459,4302
193,19.0,2183.0,89.0,45.0,11.0,19.0,2183.0,89.0,45.0,11.0,0,0,0,0,0,19.0,2183.0,89.0,45.0,11.0,0,438,4308
194,23.0,2284.0,89.0,51.0,11.0,23.0,2284.0,89.0,51.0,11.0,0,0,0,0,0,23.0,2284.0,89.0,51.0,11.0,0,438,4323
195,27.0,2007.0,89.0,62.0,10.0,27.0,2007.0,89.0,62.0,10.0,0,0,0,0,0,27.0,2007.0,89.0,62.0,10.0,0,438,4308
196,31.0,2139.0,89.0,64.0,10.0,31.0,2139.0,89.0,64.0,10.0,0,0,0,0,0,31.0,2139.0,89.0,64.0,10.0,0,457,4308
197,35.0,2188.0,89.0,62.0,10.0,35.0,2188.0,89.0,62.0,10.0,0,0,0,0,0,35.0,2188.0,89.0,62.0,10.0,0,439,4328
198,39.0,2191.0,89.0,63.0,10.0,39.0,2191.0,89.0,63.0,10.0,0,0,0,0,0,39.0,2191.0,89.0,63.0,10.0,0,457,4307
199,42.0,2208.0,89.0,63.0,10.0,42.0,2208.0,89.0,63.0,10.0,0,0,0,0,0,42.0,2208.0,89.0,63.0,10.0,0,451,4305
200,43.0,1766.0,27.0,58.0,12.0,43.0,1766.0,27.0,58.0,12.0,0,0,0,0,0,43.0,1766.0,27.0,58.0,12.0,0,438,4330
201,43.0,1402.0,13.0,25.0,26.0,43.0,1402.0,13.0,25.0,26.0,0,0,0,0,0,43.0,1402.0,13.0,25.0,26.0,0,438,4325
202,41.0,1534.0,12.0,20.0,0.0,41.0,1534.0,12.0,20.0,0.0,0,0,0,0,0,41.0,1534.0,12.0,20.0,0.0,0,456,4297
203,38.0,1547.0,16.0,21.0,17.0,38.0,1547.0,16.0,21.0,17.0,0,0,0,0,0,38.0,1547.0,16.0,21.0,17.0,0,457,4293
204,38.0,1533.0,18.0,29.0,27.0,38.0,1533.0,18.0,29.0,27.0,0,0,0,0,0,38.0,1533.0,18.0,29.0,27.0,0,457,4305
205,37.0,1523.0,20.0,33.0,25.0,37.0,1523.0,20.0,33.0,25.0,0,0,0,0,0,37.0,1523.0,20.0,33.0,25.0,0,454,4310
206,38.0,1517.0,22.0,39.0,22.0,38.0,1517.0,22.0,39.0,22.0,0,0,0,0,0,38.0,1517.0,22.0,39.0,22.0,0,455,4313
207,39.0,1554.0,24.0,47.0,12.0,39.0,1554.0,24.0,47.0,12.0,0,0,0,0,0,39.0,1554.0,24.0,47.0,12.0,0,440,4325
208,40.0,1508.0,13.0,23.0,32.0,40.0,1508.0,13.0,23.0,32.0,0,0,0,0,0,40.0,1508.0,13.0,23.0,32.0,0,439,4304
209,33.0,1454.0,12.0,22.0,0.0,33.0,1454.0,12.0,22.0,0.0,0,0,0,0,0,33.0,1454.0,12.0,22.0,0.0,0,455,4313
210,24.0,1253.0,16.0,30.0,-32.0,24.0,1253.0,16.0,30.0,-32.0,0,0,0,0,0,24.0,1253.0,16.0,30.0,-32.0,0,456,4297
211,18.0,1150.0,14.0,36.0,-26.0,18.0,1150.0,14.0,36.0,-26.0,0,0,0,0,0,18.0,1150.0,14.0,36.0,-26.0,0,456,4303
212,17.0,1287.0,16.0,32.0,-11.0,17.0,1287.0,16.0,32.0,-11.0,0,0,0,0,0,17.0,1287.0,16.0,32.0,-11.0,0,452,4304
213,19.0,2133.0,80.0,45.0,-1.0,19.0,2133.0,80.0,45.0,-1.0,0,0,0,0,0,19.0,2133.0,80.0,45.0,-1.0,0,438,4320
214,27.0,2427.0,89.0,56.0,8.0,27.0,2427.0,89.0,56.0,8.0,0,0,0,0,0,27.0,2427.0,89.0,56.0,8.0,0,439,4323
215,34.0,1745.0,24.0,57.0,12.0,34.0,1745.0,24.0,57.0,12.0,0,0,0,0,0,34.0,1745.0,24.0,57.0,12.0,0,438,4318
216,40.0,2058.0,89.0,74.0,6.0,40.0,2058.0,89.0,74.0,6.0,0,0,0,0,0,40.0,2058.0,89.0,74.0,6.0,0,457,4306
217,48.0,2325.0,85.0,71.0,5.0,48.0,2325.0,85.0,71.0,5.0,0,0,0,0,0,48.0,2325.0,85.0,71.0,5.0,0,443,4334
218,55.0,2612.0,89.0,96.0,-1.0,55.0,2612.0,89.0,96.0,-1.0,0,0,0,0,0,55.0,2612.0,89.0,96.0,-1.0,0,457,4305
219,62.0,2460.0,33.0,81.0,3.0,62.0,2460.0,33.0,81.0,3.0,0,0,0,0,0,62.0,2460.0,33.0,81.0,3.0,0,450,4324
220,67.0,2132.0,32.0,64.0,8.0,67.0,2132.0,32.0,64.0,8.0,0,0,0,0,0,67.0,2132.0,32.0,64.0,8.0,0,439,4332
221,69.0,1778.0,27.0,53.0,13.0,69.0,1778.0,27.0,53.0,13.0,0,0,0,0,0,69.0,1778.0,27.0,53.0,13.0,0,439,4312
222,69.0,1470.0,14.0,23.0,-17.0,69.0,1470.0,14.0,23.0,-17.0,0,0,0,0,0,69.0,1470.0,14.0,23.0,-17.0,0,458,4427
223,67.0,1596.0,13.0,19.0,0.0,67.0,1596.0,13.0,19.0,0.0,0,0,0,0,0,67.0,1596.0,13.0,19.0,0.0,0,440,4328
224,61.0,1529.0,14.0,20.0,0.0,61.0,1529.0,14.0,20.0,0.0,0,0,0,0,0,61.0,1529.0,14.0,20.0,0.0,0,454,4301
225,57.0,1534.0,14.0,21.0,0.0,57.0,1534.0,14.0,21.0,0.0,0,0,0,0,0,57.0,1534.0,14.0,21.0,0.0,0,451,4318
226,54.0,1536.0,14.0,20.0,0.0,54.0,1536.0,14.0,20.0,0.0,0,0,0,0,0,54.0,1536.0,14.0,20.0,0.0,0,438,4324
227,53.0,1513.0,14.0,21.0,0.0,53.0,1513.0,14.0,21.0,0.0,0,0,0,0,0,53.0,1513.0,14.0,21.0,0.0,0,439,4334
228,50.0,1513.0,14.0,21.0,0.0,50.0,1513.0,14.0,21.0,0.0,0,0,0,0,0,50.0,1513.0,14.0,21.0,0.0,0,456,4310
229,44.0,1487.0,14.0,23.0,0.0,44.0,1487.0,14.0,23.0,0.0,0,0,0,0,0,44.0,1487.0,14.0,23.0,0.0,0,450,4316
230,39.0,1583.0,14.0,20.0,0.0,39.0,1583.0,14.0,20.0,0.0,0,0,0,0,0,39.0,1583.0,14.0,20.0,0.0,0,438,4337
231,37.0,1543.0,14.0,22.0,0.0,37.0,1543.0,14.0,22.0,0.0,0,0,0,0,0,37.0,1543.0,14.0,22.0,0.0,0,453,4324
232,37.0,1547.0,23.0,43.0,12.0,37.0,1547.0,23.0,43.0,12.0,0,0,0,0,0,37.0,1547.0,23.0,43.0,12.0,0,458,4316
233,38.0,1584.0,29.0,51.0,13.0,38.0,1584.0,29.0,51.0,13.0,0,0,0,0,0,38.0,1584.0,29.0,51.0,13.0,0,438,4332
234,39.0,1583.0,29.0,52.0,13.0,39.0,1583.0,29.0,52.0,13.0,0,0,0,0,0,39.0,1583.0,29.0,52.0,13.0,0,437,4318
235,40.0,1517.0,14.0,27.0,29.0,40.0,1517.0,14.0,27.0,29.0,0,0,0,0,0,40.0,1517.0,14.0,27.0,29.0,0,449,4320
236,39.0,1526.0,14.0,19.0,3.0,39.0,1526.0,14.0,19.0,3.0,0,0,0,0,0,39.0,1526.0,14.0,19.0,3.0,0,460,4313
237,37.0,1509.0,13.0,22.0,0.0,37.0,1509.0,13.0,22.0,0.0,0,0,0,0,0,37.0,1509.0,13.0,22.0,0.0,0,438,4319
238,35.0,1509.0,14.0,24.0,0.0,35.0,1509.0,14.0,24.0,0.0,0,0,0,0,0,35.0,1509.0,14.0,24.0,0.0,0,455,4309
239,35.0,1565.0,21.0,32.0,18.0,35.0,1565.0,21.0,32.0,18.0,0,0,0,0,0,35.0,1565.0,21.0,32.0,18.0,0,440,4337
240,36.0,1534.0,23.0,48.0,19.0,36.0,1534.0,23.0,48.0,19.0,0,0,0,0,0,36.0,1534.0,23.0,48.0,19.0,0,439,4340
241,37.0,1525.0,21.0,36.0,25.0,37.0,1525.0,21.0,36.0,25.0,0,0,0,0,0,37.0,1525.0,21.0,36.0,25.0,0,457,4323
242,37.0,1523.0,20.0,35.0,25.0,37.0,1523.0,20.0,35.0,25.0,0,0,0,0,0,37.0,1523.0,20.0,35.0,25.0,0,458,4325
243,38.0,1534.0,21.0,37.0,25.0,38.0,1534.0,21.0,37.0,25.0,0,0,0,0,0,38.0,1534.0,21.0,37.0,25.0,0,438,4337
244,39.0,1522.0,21.0,34.0,25.0,39.0,1522.0,21.0,34.0,25.0,0,0,0,0,0,39.0,1522.0,21.0,34.0,25.0,0,458,4315
245,39.0,1534.0,21.0,38.0,24.0,39.0,1534.0,21.0,38.0,24.0,0,0,0,0,0,39.0,1534.0,21.0,38.0,24.0,0,454,4318
246,40.0,1526.0,21.0,37.0,25.0,40.0,1526.0,21.0,37.0,25.0,0,0,0,0,0,40.0,1526.0,21.0,37.0,25.0,0,439,4352
247,41.0,1542.0,22.0,40.0,23.0,41.0,1542.0,22.0,40.0,23.0,0,0,0,0,0,41.0,1542.0,22.0,40.0,23.0,0,441,4326
248,42.0,1522.0,21.0,37.0,25.0,42.0,1522.0,21.0,37.0,25.0,0,0,0,0,0,42.0,1522.0,21.0,37.0,25.0,0,459,4307
249,43.0,1521.0,21.0,35.0,26.0,43.0,1521.0,21.0,35.0,26.0,0,0,0,0,0,43.0,1521.0,21.0,35.0,26.0,0,455,4321
250,44.0,1514.0,19.0,30.0,28.0,44.0,1514.0,19.0,30.0,28.0,0,0,0,0,0,44.0,1514.0,19.0,30.0,28.0,0,438,4330
251,44.0,1516.0,17.0,29.0,30.0,44.0,1516.0,17.0,29.0,30.0,0,0,0,0,0,44.0,1516.0,17.0,29.0,30.0,0,452,4313
252,44.0,1512.0,15.0,25.0,26.0,44.0,1512.0,15.0,25.0,26.0,0,0,0,0,0,44.0,1512.0,15.0,25.0,26.0,0,461,4310
253,45.0,1523.0,15.0,25.0,24.0,45.0,1523.0,15.0,25.0,24.0,0,0,0,0,0,45.0,1523.0,15.0,25.0,24.0,0,438,4318
254,45.0,1527.0,14.0,21.0,29.0,45.0,1527.0,14.0,21.0,29.0,0,0,0,0,0,45.0,1527.0,14.0,21.0,29.0,0,453,4302
255,45.0,1526.0,14.0,21.0,27.0,45.0,1526.0,14.0,21.0,27.0,0,0,0,0,0,45.0,1526.0,14.0,21.0,27.0,0,453,4321
256,46.0,1544.0,13.0,18.0,11.0,46.0,1544.0,13.0,18.0,11.0,0,0,0,0,0,46.0,1544.0,13.0,18.0,11.0,0,439,5450
257,45.0,1501.0,12.0,18.0,0.0,45.0,1501.0,12.0,18.0,0.0,0,0,0,0,0,45.0,1501.0,12.0,18.0,0.0,0,455,4323
258,44.0,1532.0,14.0,21.0,0.0,44.0,1532.0,14.0,21.0,0.0,0,0,0,0,0,44.0,1532.0,14.0,21.0,0.0,0,459,4321
259,43.0,1546.0,14.0,22.0,0.0,43.0,1546.0,14.0,22.0,0.0,0,0,0,0,0,43.0,1546.0,14.0,22.0,0.0,0,437,4338
260,42.0,1531.0,14.0,22.0,0.0,42.0,1531.0,14.0,22.0,0.0,0,0,0,0,0,42.0,1531.0,14.0,22.0,0.0,0,437,4317
261,41.0,1520.0,14.0,22.0,0.0,41.0,1520.0,14.0,22.0,0.0,0,0,0,0,0,41.0,1520.0,14.0,22.0,0.0,0,455,4316
262,38.0,1504.0,14.0,23.0,0.0,38.0,1504.0,14.0,23.0,0.0,0,0,0,0,0,38.0,1504.0,14.0,23.0,0.0,0,455,4317
263,36.0,1519.0,14.0,23.0,0.0,36.0,1519.0,14.0,23.0,0.0,0,0,0,0,0,36.0,1519.0,14.0,23.0,0.0,0,439,4325
264,34.0,1524.0,14.0,23.0,0.0,34.0,1524.0,14.0,23.0,0.0,0,0,0,0,0,34.0,1524.0,14.0,23.0,0.0,0,456,4306
265,32.0,1527.0,14.0,24.0,0.0,32.0,1527.0,14.0,24.0,0.0,0,0,0,0,0,32.0,1527.0,14.0,24.0,0.0,0,448,4318
266,31.0,1530.0,16.0,22.0,18.0,31.0,1530.0,16.0,22.0,18.0,0,0,0,0,0,31.0,1530.0,16.0,22.0,18.0,0,439,4337
267,30.0,1525.0,15.0,24.0,29.0,30.0,1525.0,15.0,24.0,29.0,0,0,0,0,0,30.0,1525.0,15.0,24.0,29.0,0,439,4324
268,30.0,1525.0,14.0,20.0,30.0,30.0,1525.0,14.0,20.0,30.0,0,0,0,0,0,30.0,1525.0,14.0,20.0,30.0,0,458,4308
269,30.0,1523.0,14.0,20.0,15.0,30.0,1523.0,14.0,20.0,15.0,0,0,0,0,0,30.0,1523.0,14.0,20.0,15.0,0,439,4338
270,29.0,1506.0,14.0,20.0,0.0,29.0,1506.0,14.0,20.0,0.0,0,0,0,0,0,29.0,1506.0,14.0,20.0,0.0,0,458,4308
271,28.0,1646.0,17.0,22.0,28.0,28.0,1646.0,17.0,22.0,28.0,0,0,0,0,0,28.0,1646.0,17.0,22.0,28.0,0,454,4313
272,28.0,1664.0,18.0,23.0,26.0,28.0,1664.0,18.0,23.0,26.0,0,0,0,0,0,28.0,1664.0,18.0,23.0,26.0,0,439,4316
273,28.0,1681.0,20.0,27.0,28.0,28.0,1681.0,20.0,27.0,28.0,0,0,0,0,0,28.0,1681.0,20.0,27.0,28.0,0,438,4321
274,29.0,1535.0,21.0,34.0,25.0,29.0,1535.0,21.0,34.0,25.0,0,0,0,0,0,29.0,1535.0,21.0,34.0,25.0,0,437,4316
275,30.0,1528.0,22.0,39.0,22.0,30.0,1528.0,22.0,39.0,22.0,0,0,0,0,0,30.0,1528.0,22.0,39.0,22.0,0,453,4312
276,31.0,1541.0,22.0,37.0,23.0,31.0,1541.0,22.0,37.0,23.0,0,0,0,0,0,31.0,1541.0,22.0,37.0,23.0,0,442,4315
277,32.0,1522.0,23.0,45.0,20.0,32.0,1522.0,23.0,45.0,20.0,0,0,0,0,0,32.0,1522.0,23.0,45.0,20.0,0,436,4308
278,34.0,1530.0,23.0,49.0,18.0,34.0,1530.0,23.0,49.0,18.0,0,0,0,0,0,34.0,1530.0,23.0,49.0,18.0,0,456,4318
279,35.0,1530.0,24.0,52.0,18.0,35.0,1530.0,24.0,52.0,18.0,0,0,0,0,0,35.0,1530.0,24.0,52.0,18.0,0,439,4331
280,37.0,1545.0,27.0,50.0,13.0,37.0,1545.0,27.0,50.0,13.0,0,0,0,0,0,37.0,1545.0,27.0,50.0,13.0,0,439,4340
281,38.0,1517.0,22.0,49.0,14.0,38.0,1517.0,22.0,49.0,14.0,0,0,0,0,0,38.0,1517.0,22.0,49.0,14.0,0,451,4308
282,38.0,1500.0,22.0,41.0,24.0,38.0,1500.0,22.0,41.0,24.0,0,0,0,0,0,38.0,1500.0,22.0,41.0,24.0,0,456,4318
283,40.0,1534.0,21.0,38.0,24.0,40.0,1534.0,21.0,38.0,24.0,0,0,0,0,0,40.0,1534.0,21.0,38.0,24.0,0,437,4317
284,40.0,1528.0,20.0,33.0,28.0,40.0,1528.0,20.0,33.0,28.0,0,0,0,0,0,40.0,1528.0,20.0,33.0,28.0,0,459,4322
285,40.0,1519.0,20.0,33.0,28.0,40.0,1519.0,20.0,33.0,28.0,0,0,0,0,0,40.0,1519.0,20.0,33.0,28.0,0,451,4316
286,41.0,1529.0,21.0,36.0,26.0,41.0,1529.0,21.0,36.0,26.0,0,0,0,0,0,41.0,1529.0,21.0,36.0,26.0,0,438,4335
287,42.0,1531.0,20.0,32.0,29.0,42.0,1531.0,20.0,32.0,29.0,0,0,0,0,0,42.0,1531.0,20.0,32.0,29.0,0,453,4315
288,43.0,1535.0,19.0,31.0,30.0,43.0,1535.0,19.0,31.0,30.0,0,0,0,0,0,43.0,1535.0,19.0,31.0,30.0,0,458,4319
289,44.0,1500.0,13.0,25.0,29.0,44.0,1500.0,13.0,25.0,29.0,0,0,0,0,0,44.0,1500.0,13.0,25.0,29.0,0,441,4322
290,45.0,1513.0,14.0,22.0,28.0,45.0,1513.0,14.0,22.0,28.0,0,0,0,0,0,45.0,1513.0,14.0,22.0,28.0,0,457,4313
291,45.0,1547.0,13.0,19.0,29.0,45.0,1547.0,13.0,19.0,29.0,0,0,0,0,0,45.0,1547.0,13.0,19.0,29.0,0,453,4316
292,45.0,1482.0,12.0,20.0,0.0,45.0,1482.0,12.0,20.0,0.0,0,0,0,0,0,45.0,1482.0,12.0,20.0,0.0,0,438,4339
293,43.0,1538.0,14.0,20.0,0.0,43.0,1538.0,14.0,20.0,0.0,0,0,0,0,0,43.0,1538.0,14.0,20.0,0.0,0,442,4345
294,39.0,1504.0,14.0,22.0,0.0,39.0,1504.0,14.0,22.0,0.0,0,0,0,0,0,39.0,1504.0,14.0,22.0,0.0,0,459,4318
295,34.0,1509.0,14.0,22.0,0.0,34.0,1509.0,14.0,22.0,0.0,0,0,0,0,0,34.0,1509.0,14.0,22.0,0.0,0,454,4316
296,28.0,1506.0,14.0,24.0,0.0,28.0,1506.0,14.0,24.0,0.0,0,0,0,0,0,28.0,1506.0,14.0,24.0,0.0,0,439,4345
297,25.0,1186.0,15.0,37.0,-31.0,25.0,1186.0,15.0,37.0,-31.0,0,0,0,0,0,25.0,1186.0,15.0,37.0,-31.0,0,453,4319
298,23.0,1127.0,14.0,35.0,-27.0,23.0,1127.0,14.0,35.0,-27.0,0,0,0,0,0,23.0,1127.0,14.0,35.0,-27.0,0,453,4464
299,23.0,1762.0,22.0,31.0,0.0,23.0,1762.0,22.0,31.0,0.0,0,0,0,0,0,23.0,1762.0,22.0,31.0,0.0,0,439,4333
300,25.0,2276.0,89.0,51.0,-3.0,25.0,2276.0,89.0,51.0,-3.0,0,0,0,0,0,25.0,2276.0,89.0,51.0,-3.0,0,436,4310
301,33.0,2453.0,32.0,69.0,5.0,33.0,2453.0,32.0,69.0,5.0,0,0,0,0,0,33.0,2453.0,32.0,69.0,5.0,0,453,4328
302,39.0,2436.0,89.0,75.0,5.0,39.0,2436.0,89.0,75.0,5.0,0,0,0,0,0,39.0,2436.0,89.0,75.0,5.0,0,437,4345
303,42.0,1793.0,30.0,53.0,11.0,42.0,1793.0,30.0,53.0,11.0,0,0,0,0,0,42.0,1793.0,30.0,53.0,11.0,0,453,4315
304,44.0,1438.0,12.0,31.0,28.0,44.0,1438.0,12.0,31.0,28.0,0,0,0,0,0,44.0,1438.0,12.0,31.0,28.0,0,453,4323
305,40.0,1522.0,12.0,23.0,0.0,40.0,1522.0,12.0,23.0,0.0,0,0,0,0,0,40.0,1522.0,12.0,23.0,0.0,0,438,4326
306,38.0,1524.0,14.0,22.0,0.0,38.0,1524.0,14.0,22.0,0.0,0,0,0,0,0,38.0,1524.0,14.0,22.0,0.0,0,435,4342
307,37.0,1548.0,16.0,23.0,29.0,37.0,1548.0,16.0,23.0,29.0,0,0,0,0,0,37.0,1548.0,16.0,23.0,29.0,0,450,4320
308,36.0,1514.0,15.0,22.0,26.0,36.0,1514.0,15.0,22.0,26.0,0,0,0,0,0,36.0,1514.0,15.0,22.0,26.0,0,460,4323
309,36.0,1516.0,16.0,26.0,25.0,36.0,1516.0,16.0,26.0,25.0,0,0,0,0,0,36.0,1516.0,16.0,26.0,25.0,0,439,4334
310,35.0,1518.0,18.0,32.0,26.0,35.0,1518.0,18.0,32.0,26.0,0,0,0,0,0,35.0,1518.0,18.0,32.0,26.0,0,460,4317
311,35.0,1525.0,17.0,31.0,28.0,35.0,1525.0,17.0,31.0,28.0,0,0,0,0,0,35.0,1525.0,17.0,31.0,28.0,0,438,4329
312,35.0,1520.0,17.0,30.0,27.0,35.0,1520.0,17.0,30.0,27.0,0,0,0,0,0,35.0,1520.0,17.0,30.0,27.0,0,444,4334
313,35.0,1517.0,17.0,30.0,29.0,35.0,1517.0,17.0,30.0,29.0,0,0,0,0,0,35.0,1517.0,17.0,30.0,29.0,0,434,4330
314,35.0,1519.0,15.0,26.0,26.0,35.0,1519.0,15.0,26.0,26.0,0,0,0,0,0,35.0,1519.0,15.0,26.0,26.0,0,459,4322
315,34.0,1530.0,14.0,24.0,28.0,34.0,1530.0,14.0,24.0,28.0,0,0,0,0,0,34.0,1530.0,14.0,24.0,28.0,0,454,4319
316,34.0,1527.0,13.0,21.0,28.0,34.0,1527.0,13.0,21.0,28.0,0,0,0,0,0,34.0,1527.0,13.0,21.0,28.0,0,442,4325
317,34.0,1523.0,14.0,21.0,28.0,34.0,1523.0,14.0,21.0,28.0,0,0,0,0,0,34.0,1523.0,14.0,21.0,28.0,0,454,4362
318,34.0,1535.0,13.0,20.0,28.0,34.0,1535.0,13.0,20.0,28.0,0,0,0,0,0,34.0,1535.0,13.0,20.0,28.0,0,449,4319
319,33.0,1522.0,15.0,24.0,24.0,33.0,1522.0,15.0,24.0,24.0,0,0,0,0,0,33.0,1522.0,15.0,24.0,24.0,0,439,4322
320,34.0,1530.0,19.0,29.0,29.0,34.0,1530.0,19.0,29.0,29.0,0,0,0,0,0,34.0,1530.0,19.0,29.0,29.0,0,456,4315
321,34.0,1526.0,21.0,33.0,28.0,34.0,1526.0,21.0,33.0,28.0,0,0,0,0,0,34.0,1526.0,21.0,33.0,28.0,0,452,4321
322,35.0,1512.0,14.0,29.0,31.0,35.0,1512.0,14.0,29.0,31.0,0,0,0,0,0,35.0,1512.0,14.0,29.0,31.0,0,442,4342
323,35.0,1524.0,14.0,20.0,-2.0,35.0,1524.0,14.0,20.0,-2.0,0,0,0,0,0,35.0,1524.0,14.0,20.0,-2.0,0,452,4324
324,32.0,1484.0,13.0,23.0,0.0,32.0,1484.0,13.0,23.0,0.0,0,0,0,0,0,32.0,1484.0,13.0,23.0,0.0,0,460,4323
325,28.0,1488.0,14.0,23.0,0.0,28.0,1488.0,14.0,23.0,0.0,0,0,0,0,0,28.0,1488.0,14.0,23.0,0.0,0,440,4344
326,23.0,1178.0,15.0,36.0,-29.0,23.0,1178.0,15.0,36.0,-29.0,0,0,0,0,0,23.0,1178.0,15.0,36.0,-29.0,0,439,4318
327,17.0,1135.0,14.0,34.0,-28.0,17.0,1135.0,14.0,34.0,-28.0,0,0,0,0,0,17.0,1135.0,14.0,34.0,-28.0,0,454,4310
328,15.0,1397.0,20.0,33.0,-6.0,15.0,1397.0,20.0,33.0,-6.0,0,0,0,0,0,15.0,1397.0,20.0,33.0,-6.0,0,463,4311
329,17.0,2065.0,29.0,37.0,10.0,17.0,2065.0,29.0,37.0,10.0,0,0,0,0,0,17.0,2065.0,29.0,37.0,10.0,0,442,4322
330,21.0,2019.0,83.0,39.0,15.0,21.0,2019.0,83.0,39.0,15.0,0,0,0,0,0,21.0,2019.0,83.0,39.0,15.0,0,457,4319
331,25.0,1847.0,89.0,49.0,12.0,25.0,1847.0,89.0,49.0,12.0,0,0,0,0,0,25.0,1847.0,89.0,49.0,12.0,0,454,4319
332,28.0,1532.0,24.0,58.0,13.0,28.0,1532.0,24.0,58.0,13.0,0,0,0,0,0,28.0,1532.0,24.0,58.0,13.0,0,446,4333
333,29.0,1509.0,20.0,40.0,21.0,29.0,1509.0,20.0,40.0,21.0,0,0,0,0,0,29.0,1509.0,20.0,40.0,21.0,0,434,4317
334,30.0,1509.0,13.0,25.0,31.0,30.0,1509.0,13.0,25.0,31.0,0,0,0,0,0,30.0,1509.0,13.0,25.0,31.0,0,457,4319
335,30.0,1500.0,14.0,20.0,8.0,30.0,1500.0,14.0,20.0,8.0,0,0,0,0,0,30.0,1500.0,14.0,20.0,8.0,0,450,4323
336,28.0,1489.0,14.0,20.0,0.0,28.0,1489.0,14.0,20.0,0.0,0,0,0,0,0,28.0,1489.0,14.0,20.0,0.0,0,453,4310
337,27.0,1600.0,18.0,26.0,21.0,27.0,1600.0,18.0,26.0,21.0,0,0,0,0,0,27.0,1600.0,18.0,26.0,21.0,0,455,4320
338,27.0,1718.0,18.0,23.0,26.0,27.0,1718.0,18.0,23.0,26.0,0,0,0,0,0,27.0,1718.0,18.0,23.0,26.0,0,438,4342
339,27.0,1683.0,20.0,28.0,26.0,27.0,1683.0,20.0,28.0,26.0,0,0,0,0,0,27.0,1683.0,20.0,28.0,26.0,0,438,4325
340,29.0,1565.0,22.0,38.0,23.0,29.0,1565.0,22.0,38.0,23.0,0,0,0,0,0,29.0,1565.0,22.0,38.0,23.0,0,458,4322
341,30.0,1529.0,23.0,43.0,22.0,30.0,1529.0,23.0,43.0,22.0,0,0,0,0,0,30.0,1529.0,23.0,43.0,22.0,0,456,4315
342,31.0,1530.0,22.0,43.0,22.0,31.0,1530.0,22.0,43.0,22.0,0,0,0,0,0,31.0,1530.0,22.0,43.0,22.0,0,438,4340
343,33.0,1518.0,21.0,40.0,24.0,33.0,1518.0,21.0,40.0,24.0,0,0,0,0,0,33.0,1518.0,21.0,40.0,24.0,0,455,4305
344,33.0,1512.0,20.0,33.0,30.0,33.0,1512.0,20.0,33.0,30.0,0,0,0,0,0,33.0,1512.0,20.0,33.0,30.0,0,438,4338
345,33.0,1520.0,14.0,23.0,28.0,33.0,1520.0,14.0,23.0,28.0,0,0,0,0,0,33.0,1520.0,14.0,23.0,28.0,0,445,4332
346,32.0,1527.0,15.0,23.0,25.0,32.0,1527.0,15.0,23.0,25.0,0,0,0,0,0,32.0,1527.0,15.0,23.0,25.0,0,438,4317
347,32.0,1524.0,15.0,21.0,28.0,32.0,1524.0,15.0,21.0,28.0,0,0,0,0,0,32.0,1524.0,15.0,21.0,28.0,0,454,4313
348,31.0,1511.0,16.0,23.0,23.0,31.0,1511.0,16.0,23.0,23.0,0,0,0,0,0,31.0,1511.0,16.0,23.0,23.0,0,456,4312
349,31.0,1545.0,20.0,29.0,27.0,31.0,1545.0,20.0,29.0,27.0,0,0,0,0,0,31.0,1545.0,20.0,29.0,27.0,0,453,4311
350,30.0,1528.0,16.0,27.0,29.0,30.0,1528.0,16.0,27.0,29.0,0,0,0,0,0,30.0,1528.0,16.0,27.0,29.0,0,443,4324
351,29.0,1508.0,16.0,27.0,25.0,29.0,1508.0,16.0,27.0,25.0,0,0,0,0,0,29.0,1508.0,16.0,27.0,25.0,0,443,4319
352,29.0,1517.0,16.0,25.0,26.0,29.0,1517.0,16.0,25.0,26.0,0,0,0,0,0,29.0,1517.0,16.0,25.0,26.0,0,444,4333
353,28.0,1519.0,18.0,29.0,24.0,28.0,1519.0,18.0,29.0,24.0,0,0,0,0,0,28.0,1519.0,18.0,29.0,24.0,0,442,4310
354,27.0,1522.0,18.0,29.0,28.0,27.0,1522.0,18.0,29.0,28.0,0,0,0,0,0,27.0,1522.0,18.0,29.0,28.0,0,443,4318
355,26.0,1538.0,20.0,32.0,28.0,26.0,1538.0,20.0,32.0,28.0,0,0,0,0,0,26.0,1538.0,20.0,32.0,28.0,0,457,4314
356,25.0,1511.0,18.0,29.0,28.0,25.0,1511.0,18.0,29.0,28.0,0,0,0,0,0,25.0,1511.0,18.0,29.0,28.0,0,443,4319
357,25.0,1537.0,21.0,32.0,26.0,25.0,1537.0,21.0,32.0,26.0,0,0,0,0,0,25.0,1537.0,21.0,32.0,26.0,0,452,4317
358,24.0,1534.0,22.0,36.0,23.0,24.0,1534.0,22.0,36.0,23.0,0,0,0,0,0,24.0,1534.0,22.0,36.0,23.0,0,440,4339
359,24.0,1524.0,21.0,38.0,27.0,24.0,1524.0,21.0,38.0,27.0,0,0,0,0,0,24.0,1524.0,21.0,38.0,27.0,0,440,4315
360,23.0,1496.0,15.0,26.0,26.0,23.0,1496.0,15.0,26.0,26.0,0,0,0,0,0,23.0,1496.0,15.0,26.0,26.0,0,459,4322
361,22.0,1522.0,16.0,24.0,24.0,22.0,1522.0,16.0,24.0,24.0,0,0,0,0,0,22.0,1522.0,16.0,24.0,24.0,0,452,4326
362,20.0,1519.0,16.0,25.0,24.0,20.0,1519.0,16.0,25.0,24.0,0,0,0,0,0,20.0,1519.0,16.0,25.0,24.0,0,459,4323
363,20.0,1550.0,21.0,34.0,19.0,20.0,1550.0,21.0,34.0,19.0,0,0,0,0,0,20.0,1550.0,21.0,34.0,19.0,0,454,4318
364,20.0,1512.0,21.0,40.0,21.0,20.0,1512.0,21.0,40.0,21.0,0,0,0,0,0,20.0,1512.0,21.0,40.0,21.0,0,456,4313
365,20.0,1499.0,21.0,38.0,24.0,20.0,1499.0,21.0,38.0,24.0,0,0,0,0,0,20.0,1499.0,21.0,38.0,24.0,0,438,4321
366,20.0,1518.0,20.0,34.0,25.0,20.0,1518.0,20.0,34.0,25.0,0,0,0,0,0,20.0,1518.0,20.0,34.0,25.0,0,439,4323
367,19.0,1501.0,20.0,33.0,28.0,19.0,1501.0,20.0,33.0,28.0,0,0,0,0,0,19.0,1501.0,20.0,33.0,28.0,0,453,4318
368,18.0,1487.0,13.0,25.0,29.0,18.0,1487.0,13.0,25.0,29.0,0,0,0,0,0,18.0,1487.0,13.0,25.0,29.0,0,459,4314
369,17.0,1614.0,15.0,22.0,27.0,17.0,1614.0,15.0,22.0,27.0,0,0,0,0,0,17.0,1614.0,15.0,22.0,27.0,0,455,4322
370,15.0,1580.0,13.0,20.0,32.0,15.0,1580.0,13.0,20.0,32.0,0,0,0,0,0,15.0,1580.0,13.0,20.0,32.0,0,456,4320
371,13.0,1458.0,12.0,21.0,14.0,13.0,1458.0,12.0,21.0,14.0,0,0,0,0,0,13.0,1458.0,12.0,21.0,14.0,0,441,4322
372,9.0,1223.0,16.0,31.0,-18.0,9.0,1223.0,16.0,31.0,-18.0,0,0,0,0,0,9.0,1223.0,16.0,31.0,-18.0,0,435,4321
373,3.0,1003.0,19.0,57.0,-14.0,3.0,1003.0,19.0,57.0,-14.0,0,0,0,0,0,3.0,1003.0,19.0,57.0,-14.0,0,451,4309
374,2.0,1007.0,18.0,59.0,-13.0,2.0,1007.0,18.0,59.0,-13.0,0,0,0,0,0,2.0,1007.0,18.0,59.0,-13.0,0,440,4325
375,3.0,977.0,18.0,60.0,-12.0,3.0,977.0,18.0,60.0,-12.0,0,0,0,0,0,3.0,977.0,18.0,60.0,-12.0,0,438,4338
376,3.0,999.0,18.0,59.0,-12.0,3.0,999.0,18.0,59.0,-12.0,0,0,0,0,0,3.0,999.0,18.0,59.0,-12.0,0,457,4315
377,4.0,968.0,18.0,60.0,-14.0,4.0,968.0,18.0,60.0,-14.0,0,0,0,0,0,4.0,968.0,18.0,60.0,-14.0,0,439,4337
378,5.0,1304.0,20.0,53.0,10.0,5.0,1304.0,20.0,53.0,10.0,0,0,0,0,0,5.0,1304.0,20.0,53.0,10.0,0,444,4330
379,6.0,1125.0,15.0,42.0,9.0,6.0,1125.0,15.0,42.0,9.0,0,0,0,0,0,6.0,1125.0,15.0,42.0,9.0,0,439,4315
380,6.0,1002.0,15.0,39.0,7.0,6.0,1002.0,15.0,39.0,7.0,0,0,0,0,0,6.0,1002.0,15.0,39.0,7.0,0,458,4324
381,6.0,1022.0,17.0,51.0,-13.0,6.0,1022.0,17.0,51.0,-13.0,0,0,0,0,0,6.0,1022.0,17.0,51.0,-13.0,0,435,4318
382,6.0,981.0,18.0,55.0,-12.0,6.0,981.0,18.0,55.0,-12.0,0,0,0,0,0,6.0,981.0,18.0,55.0,-12.0,0,457,4329
383,5.0,988.0,19.0,60.0,6.0,5.0,988.0,19.0,60.0,6.0,0,0,0,0,0,5.0,988.0,19.0,60.0,6.0,0,450,4329
384,7.0,1436.0,29.0,61.0,12.0,7.0,1436.0,29.0,61.0,12.0,0,0,0,0,0,7.0,1436.0,29.0,61.0,12.0,0,444,4328
385,13.0,2292.0,89.0,56.0,9.0,13.0,2292.0,89.0,56.0,9.0,0,0,0,0,0,13.0,2292.0,89.0,56.0,9.0,0,438,4317
386,19.0,2305.0,89.0,49.0,11.0,19.0,2305.0,89.0,49.0,11.0,0,0,0,0,0,19.0,2305.0,89.0,49.0,11.0,0,454,4321
387,24.0,2143.0,89.0,52.0,13.0,24.0,2143.0,89.0,52.0,13.0,0,0,0,0,0,24.0,2143.0,89.0,52.0,13.0,0,450,4314
388,26.0,1990.0,89.0,66.0,11.0,26.0,1990.0,89.0,66.0,11.0,0,0,0,0,0,26.0,1990.0,89.0,66.0,11.0,0,437,4330
389,29.0,2155.0,89.0,58.0,9.0,29.0,2155.0,89.0,58.0,9.0,0,0,0,0,0,29.0,2155.0,89.0,58.0,9.0,0,454,4320
390,34.0,2358.0,89.0,58.0,12.0,34.0,2358.0,89.0,58.0,12.0,0,0,0,0,0,34.0,2358.0,89.0,58.0,12.0,0,455,4314
391,37.0,2253.0,89.0,55.0,13.0,37.0,2253.0,89.0,55.0,13.0,0,0,0,0,0,37.0,2253.0,89.0,55.0,13.0,0,439,4327
392,39.0,2172.0,32.0,47.0,15.0,39.0,2172.0,32.0,47.0,15.0,0,0,0,0,0,39.0,2172.0,32.0,47.0,15.0,0,454,4321
393,40.0,2284.0,89.0,49.0,13.0,40.0,2284.0,89.0,49.0,13.0,0,0,0,0,0,40.0,2284.0,89.0,49.0,13.0,0,453,4328
394,41.0,2204.0,89.0,47.0,9.0,41.0,2204.0,89.0,47.0,9.0,0,0,0,0,0,41.0,2204.0,89.0,47.0,9.0,0,459,4324
395,44.0,2477.0,89.0,63.0,7.0,44.0,2477.0,89.0,63.0,7.0,0,0,0,0,0,44.0,2477.0,89.0,63.0,7.0,0,438,4331
396,47.0,2338.0,65.0,64.0,4.0,47.0,2338.0,65.0,64.0,4.0,0,0,0,0,0,47.0,2338.0,65.0,64.0,4.0,0,460,4320
397,51.0,2577.0,36.0,81.0,7.0,51.0,2577.0,36.0,81.0,7.0,0,0,0,0,0,51.0,2577.0,36.0,81.0,7.0,0,442,4340
398,53.0,2327.0,30.0,65.0,11.0,53.0,2327.0,30.0,65.0,11.0,0,0,0,0,0,53.0,2327.0,30.0,65.0,11.0,0,436,4337
399,55.0,2296.0,32.0,51.0,14.0,55.0,2296.0,32.0,51.0,14.0,0,0,0,0,0,55.0,2296.0,32.0,51.0,14.0,0,435,4313
400,56.0,2278.0,89.0,50.0,15.0,56.0,2278.0,89.0,50.0,15.0,0,0,0,0,0,56.0,2278.0,89.0,50.0,15.0,0,457,4328
401,57.0,1817.0,19.0,23.0,11.0,57.0,1817.0,19.0,23.0,11.0,0,0,0,0,0,57.0,1817.0,19.0,23.0,11.0,0,439,4329
402,57.0,2165.0,33.0,40.0,16.0,57.0,2165.0,33.0,40.0,16.0,0,0,0,0,0,57.0,2165.0,33.0,40.0,16.0,0,456,4327
403,58.0,1855.0,23.0,36.0,14.0,58.0,1855.0,23.0,36.0,14.0,0,0,0,0,0,58.0,1855.0,23.0,36.0,14.0,0,450,4328
404,58.0,1869.0,23.0,31.0,15.0,58.0,1869.0,23.0,31.0,15.0,0,0,0,0,0,58.0,1869.0,23.0,31.0,15.0,0,440,4338
405,60.0,1955.0,25.0,34.0,14.0,60.0,1955.0,25.0,34.0,14.0,0,0,0,0,0,60.0,1955.0,25.0,34.0,14.0,0,450,4316
406,61.0,1416.0,23.0,60.0,13.0,61.0,1416.0,23.0,60.0,13.0,0,0,0,0,0,61.0,1416.0,23.0,60.0,13.0,0,456,4328
407,62.0,1585.0,12.0,18.0,35.0,62.0,1585.0,12.0,18.0,35.0,0,0,0,0,0,62.0,1585.0,12.0,18.0,35.0,0,438,4323
408,59.0,1505.0,12.0,16.0,0.0,59.0,1505.0,12.0,16.0,0.0,0,0,0,0,0,59.0,1505.0,12.0,16.0,0.0,0,459,4317
409,57.0,1541.0,13.0,18.0,0.0,57.0,1541.0,13.0,18.0,0.0,0,0,0,0,0,57.0,1541.0,13.0,18.0,0.0,0,450,4319
410,56.0,1528.0,13.0,20.0,0.0,56.0,1528.0,13.0,20.0,0.0,0,0,0,0,0,56.0,1528.0,13.0,20.0,0.0,0,438,4330
411,56.0,1628.0,30.0,38.0,11.0,56.0,1628.0,30.0,38.0,11.0,0,0,0,0,0,56.0,1628.0,30.0,38.0,11.0,0,438,4338
412,59.0,2355.0,89.0,63.0,5.0,59.0,2355.0,89.0,63.0,5.0,0,0,0,0,0,59.0,2355.0,89.0,63.0,5.0,0,439,4316
413,65.0,2401.0,31.0,68.0,7.0,65.0,2401.0,31.0,68.0,7.0,0,0,0,0,0,65.0,2401.0,31.0,68.0,7.0,0,442,4324
414,68.0,2244.0,30.0,60.0,7.0,68.0,2244.0,30.0,60.0,7.0,0,0,0,0,0,68.0,2244.0,30.0,60.0,7.0,0,457,4324
415,72.0,2372.0,24.0,67.0,8.0,72.0,2372.0,24.0,67.0,8.0,0,0,0,0,0,72.0,2372.0,24.0,67.0,8.0,0,455,4309
416,73.0,1840.0,22.0,58.0,33.0,73.0,1840.0,22.0,58.0,33.0,0,0,0,0,0,73.0,1840.0,22.0,58.0,33.0,0,456,4319
417,72.0,1501.0,11.0,15.0,-21.0,72.0,1501.0,11.0,15.0,-21.0,0,0,0,0,0,72.0,1501.0,11.0,15.0,-21.0,0,437,4318
418,69.0,1614.0,13.0,14.0,0.0,69.0,1614.0,13.0,14.0,0.0,0,0,0,0,0,69.0,1614.0,13.0,14.0,0.0,0,438,4335
419,68.0,1587.0,13.0,16.0,0.0,68.0,1587.0,13.0,16.0,0.0,0,0,0,0,0,68.0,1587.0,13.0,16.0,0.0,0,454,4312
420,67.0,1551.0,12.0,17.0,0.0,67.0,1551.0,12.0,17.0,0.0,0,0,0,0,0,67.0,1551.0,12.0,17.0,0.0,0,441,4324
421,65.0,1550.0,12.0,16.0,0.0,65.0,1550.0,12.0,16.0,0.0,0,0,0,0,0,65.0,1550.0,12.0,16.0,0.0,0,439,4324
422,63.0,1565.0,12.0,17.0,0.0,63.0,1565.0,12.0,17.0,0.0,0,0,0,0,0,63.0,1565.0,12.0,17.0,0.0,0,448,4327
423,62.0,1555.0,12.0,16.0,0.0,62.0,1555.0,12.0,16.0,0.0,0,0,0,0,0,62.0,1555.0,12.0,16.0,0.0,0,437,4329
424,60.0,1528.0,12.0,18.0,0.0,60.0,1528.0,12.0,18.0,0.0,0,0,0,0,0,60.0,1528.0,12.0,18.0,0.0,0,437,4323
425,53.0,1449.0,13.0,21.0,0.0,53.0,1449.0,13.0,21.0,0.0,0,0,0,0,0,53.0,1449.0,13.0,21.0,0.0,0,454,4329
426,38.0,1569.0,13.0,20.0,0.0,38.0,1569.0,13.0,20.0,0.0,0,0,0,0,0,38.0,1569.0,13.0,20.0,0.0,0,454,4324
427,24.0,1243.0,15.0,27.0,-36.0,24.0,1243.0,15.0,27.0,0.17,0,0,0,0,1,24.0,1243.0,15.0,27.0,-36.0,0,438,4251
428,19.0,1138.0,14.0,34.0,-25.0,19.0,1138.0,14.0,34.0,-25.0,0,0,0,0,0,19.0,1138.0,14.0,34.0,-25.0,0,454,4316
429,19.0,1815.0,20.0,26.0,16.0,19.0,1815.0,20.0,26.0,16.0,0,0,0,0,0,19.0,1815.0,20.0,26.0,16.0,0,438,4320
430,20.0,1982.0,32.0,40.0,7.0,20.0,1982.0,32.0,40.0,7.0,0,0,0,0,0,20.0,1982.0,32.0,40.0,7.0,0,443,4335
431,24.0,1900.0,89.0,51.0,8.0,24.0,1900.0,89.0,51.0,8.0,0,0,0,0,0,24.0,1900.0,89.0,51.0,8.0,0,435,4307
432,29.0,1960.0,89.0,55.0,9.0,29.0,1960.0,89.0,55.0,9.0,0,0,0,0,0,29.0,1960.0,89.0,55.0,9.0,0,454,4323
433,34.0,2025.0,89.0,59.0,10.0,34.0,2025.0,89.0,59.0,10.0,0,0,0,0,0,34.0,2025.0,89.0,59.0,10.0,0,453,4311
434,38.0,2215.0,89.0,59.0,11.0,38.0,2215.0,89.0,59.0,11.0,0,0,0,0,0,38.0,2215.0,89.0,59.0,11.0,0,435,4334
435,43.0,2200.0,89.0,62.0,10.0,43.0,2200.0,89.0,62.0,10.0,0,0,0,0,0,43.0,2200.0,89.0,62.0,10.0,0,451,4321
436,49.0,2389.0,89.0,74.0,5.0,49.0,2389.0,89.0,74.0,5.0,0,0,0,0,0,49.0,2389.0,89.0,74.0,5.0,0,441,4317
437,55.0,2465.0,89.0,80.0,4.0,55.0,2465.0,89.0,80.0,4.0,0,0,0,0,0,55.0,2465.0,89.0,80.0,4.0,0,439,4323
438,60.0,2509.0,89.0,80.0,3.0,60.0,2509.0,89.0,80.0,3.0,0,0,0,0,0,60.0,2509.0,89.0,80.0,3.0,0,458,4311
439,65.0,2576.0,89.0,85.0,2.0,65.0,2576.0,89.0,85.0,2.0,0,0,0,0,0,65.0,2576.0,89.0,85.0,2.0,0,454,4313
440,70.0,2512.0,35.0,78.0,3.0,70.0,2512.0,35.0,78.0,3.0,0,0,0,0,0,70.0,2512.0,35.0,78.0,3.0,0,438,4323
441,75.0,2544.0,89.0,78.0,3.0,75.0,2544.0,89.0,78.0,3.0,0,0,0,0,0,75.0,2544.0,89.0,78.0,3.0,0,453,4323
442,79.0,2544.0,30.0,73.0,1.0,79.0,2544.0,30.0,73.0,1.0,0,0,0,0,0,79.0,2544.0,30.0,73.0,1.0,0,458,4317
443,83.0,2528.0,88.0,77.0,3.0,83.0,2528.0,88.0,77.0,3.0,0,0,0,0,0,83.0,2528.0,88.0,77.0,3.0,0,438,4335
444,87.0,2434.0,39.0,63.0,5.0,87.0,2434.0,39.0,63.0,5.0,0,0,0,0,0,87.0,2434.0,39.0,63.0,5.0,0,462,4311
445,91.0,2624.0,59.0,78.0,12.0,91.0,2624.0,59.0,78.0,12.0,0,0,0,0,0,91.0,2624.0,59.0,78.0,12.0,0,453,4324
446,94.0,2282.0,32.0,56.0,8.0,94.0,2282.0,32.0,56.0,8.0,0,0,0,0,0,94.0,2282.0,32.0,56.0,8.0,0,438,4333
447,96.0,2146.0,27.0,45.0,15.0,96.0,2146.0,27.0,45.0,15.0,0,0,0,0,0,96.0,2146.0,27.0,45.0,15.0,0,455,4314
448,97.0,1897.0,17.0,47.0,37.0,88.3,1897.0,17.0,47.0,37.0,1,0,0,0,0,97.0,1897.0,17.0,47.0,37.0,0,459,4315
449,96.0,1845.0,12.0,10.0,0.0,96.0,1845.0,12.0,10.0,0.0,0,0,0,0,0,96.0,1845.0,12.0,10.0,0.0,0,438,4324
450,94.0,1855.0,12.0,10.0,0.0,94.0,1855.0,12.0,10.0,0.0,0,0,0,0,0,94.0,1855.0,12.0,10.0,0.0,0,438,4335
451,89.0,1751.0,12.0,12.0,0.0,89.0,1751.0,12.0,12.0,0.0,0,0,0,0,0,89.0,1751.0,12.0,12.0,0.0,0,438,4317
452,82.0,1608.0,12.0,13.0,0.0,82.0,1608.0,12.0,13.0,0.0,0,0,0,0,0,82.0,1608.0,12.0,13.0,0.0,0,450,4307
453,78.0,1631.0,12.0,13.0,0.0,78.0,1631.0,12.0,13.0,0.0,0,0,0,0,0,78.0,1631.0,12.0,13.0,0.0,0,451,4306
454,71.0,1565.0,12.0,15.0,0.0,71.0,1565.0,12.0,15.0,0.0,0,0,0,0,0,71.0,1565.0,12.0,15.0,0.0,0,457,4328
455,64.0,1553.0,12.0,16.0,0.0,64.0,1553.0,12.0,16.0,0.0,0,0,0,0,0,64.0,1553.0,12.0,16.0,0.0,0,439,4326
456,53.0,1499.0,13.0,18.0,0.0,53.0,1499.0,13.0,18.0,0.0,0,0,0,0,0,53.0,1499.0,13.0,18.0,0.0,0,434,4329
457,41.0,1515.0,13.0,18.0,0.0,41.0,1515.0,13.0,18.0,0.0,0,0,0,0,0,41.0,1515.0,13.0,18.0,0.0,0,439,4338
458,29.0,1485.0,12.0,19.0,0.0,29.0,1485.0,12.0,19.0,0.0,0,0,0,0,0,29.0,1485.0,12.0,19.0,0.0,0,454,4310
459,18.0,1159.0,14.0,34.0,-23.0,18.0,1159.0,14.0,34.0,-23.0,0,0,0,0,0,18.0,1159.0,14.0,34.0,-23.0,0,439,4341
460,16.0,1530.0,18.0,27.0,-3.0,16.0,1530.0,18.0,27.0,-3.0,0,0,0,0,0,16.0,1530.0,18.0,27.0,-3.0,0,439,4322
461,17.0,1909.0,25.0,34.0,8.0,17.0,1909.0,25.0,34.0,8.0,0,0,0,0,0,17.0,1909.0,25.0,34.0,8.0,0,457,4314
462,20.0,2049.0,33.0,39.0,8.0,20.0,2049.0,33.0,39.0,8.0,0,0,0,0,0,20.0,2049.0,33.0,39.0,8.0,0,438,4340
463,24.0,1996.0,89.0,45.0,11.0,24.0,1996.0,89.0,45.0,11.0,0,0,0,0,0,24.0,1996.0,89.0,45.0,11.0,0,443,4331
464,28.0,1911.0,89.0,56.0,7.0,28.0,1911.0,89.0,56.0,7.0,0,0,0,0,0,28.0,1911.0,89.0,56.0,7.0,0,463,4313
465,32.0,1976.0,89.0,57.0,9.0,32.0,1976.0,89.0,57.0,9.0,0,0,0,0,0,32.0,1976.0,89.0,57.0,9.0,0,454,4437
466,37.0,2223.0,89.0,60.0,9.0,37.0,2223.0,89.0,60.0,9.0,0,0,0,0,0,37.0,2223.0,89.0,60.0,9.0,0,457,4320
467,42.0,2266.0,89.0,66.0,7.0,42.0,2266.0,89.0,66.0,7.0,0,0,0,0,0,42.0,2266.0,89.0,66.0,7.0,0,449,4317
468,47.0,2296.0,89.0,69.0,8.0,47.0,2296.0,89.0,69.0,8.0,0,0,0,0,0,47.0,2296.0,89.0,69.0,8.0,0,457,4321
469,52.0,2316.0,89.0,70.0,8.0,52.0,2316.0,89.0,70.0,8.0,0,0,0,0,0,52.0,2316.0,89.0,70.0,8.0,0,437,4319
470,57.0,2277.0,28.0,67.0,9.0,57.0,2277.0,28.0,67.0,9.0,0,0,0,0,0,57.0,2277.0,28.0,67.0,9.0,0,438,4343
471,60.0,2293.0,84.0,65.0,8.0,60.0,2293.0,84.0,65.0,8.0,0,0,0,0,0,60.0,2293.0,84.0,65.0,8.0,0,454,4316
472,64.0,2331.0,89.0,67.0,8.0,64.0,2331.0,89.0,67.0,8.0,0,0,0,0,0,64.0,2331.0,89.0,67.0,8.0,0,454,4311
473,68.0,2280.0,89.0,67.0,8.0,68.0,2280.0,89.0,67.0,8.0,0,0,0,0,0,68.0,2280.0,89.0,67.0,8.0,0,459,4315
474,71.0,2301.0,33.0,62.0,15.0,71.0,2301.0,33.0,62.0,15.0,0,0,0,0,0,71.0,2301.0,33.0,62.0,15.0,0,457,4326
475,72.0,1785.0,32.0,59.0,12.0,72.0,1785.0,32.0,59.0,12.0,0,0,0,0,0,72.0,1785.0,32.0,59.0,12.0,0,453,4320
476,72.0,1510.0,17.0,51.0,34.0,72.0,1510.0,17.0,51.0,34.0,0,0,0,0,0,72.0,1510.0,17.0,51.0,34.0,0,438,4334
477,68.0,1566.0,12.0,15.0,0.0,68.0,1566.0,12.0,15.0,0.0,0,0,0,0,0,68.0,1566.0,12.0,15.0,0.0,0,454,4306
478,58.0,1538.0,13.0,16.0,0.0,58.0,1538.0,13.0,16.0,0.0,0,0,0,0,0,58.0,1538.0,13.0,16.0,0.0,0,455,4312
479,45.0,1491.0,13.0,19.0,0.0,45.0,1491.0,13.0,19.0,0.0,0,0,0,0,0,45.0,1491.0,13.0,19.0,0.0,0,438,4319
480,30.0,1426.0,13.0,19.0,0.0,30.0,1426.0,13.0,19.0,0.0,0,0,0,0,0,30.0,1426.0,13.0,19.0,0.0,0,458,4314
481,18.0,1125.0,14.0,32.0,-30.0,18.0,1125.0,14.0,32.0,-30.0,0,0,0,0,0,18.0,1125.0,14.0,32.0,-30.0,0,440,4323
482,16.0,1534.0,19.0,28.0,-2.0,16.0,1534.0,19.0,28.0,-2.0,0,0,0,0,0,16.0,1534.0,19.0,28.0,-2.0,0,441,4330
483,18.0,1843.0,23.0,32.0,10.0,18.0,1843.0,23.0,32.0,10.0,0,0,0,0,0,18.0,1843.0,23.0,32.0,10.0,0,439,4316
484,20.0,1994.0,28.0,35.0,9.0,20.0,1994.0,28.0,35.0,9.0,0,0,0,0,0,20.0,1994.0,28.0,35.0,9.0,0,438,4310
485,24.0,1888.0,89.0,44.0,12.0,24.0,1888.0,89.0,44.0,12.0,0,0,0,0,0,24.0,1888.0,89.0,44.0,12.0,0,455,4308
486,28.0,1843.0,89.0,56.0,12.0,28.0,1843.0,89.0,56.0,12.0,0,0,0,0,0,28.0,1843.0,89.0,56.0,12.0,0,457,4319
487,31.0,1877.0,89.0,54.0,13.0,31.0,1877.0,89.0,54.0,13.0,0,0,0,0,0,31.0,1877.0,89.0,54.0,13.0,0,453,4312
488,34.0,1947.0,89.0,57.0,11.0,34.0,1947.0,89.0,57.0,11.0,0,0,0,0,0,34.0,1947.0,89.0,57.0,11.0,0,458,4305
489,37.0,2098.0,89.0,54.0,12.0,37.0,2098.0,89.0,54.0,12.0,0,0,0,0,0,37.0,2098.0,89.0,54.0,12.0,0,438,4325
490,40.0,2048.0,89.0,54.0,12.0,40.0,2048.0,89.0,54.0,12.0,0,0,0,0,0,40.0,2048.0,89.0,54.0,12.0,0,438,4340
491,43.0,2150.0,89.0,61.0,9.0,43.0,2150.0,89.0,61.0,9.0,0,0,0,0,0,43.0,2150.0,89.0,61.0,9.0,0,454,4309
492,47.0,2279.0,89.0,63.0,9.0,47.0,2279.0,89.0,63.0,9.0,0,0,0,0,0,47.0,2279.0,89.0,63.0,9.0,0,438,4318
493,50.0,2249.0,89.0,64.0,8.0,50.0,2249.0,89.0,64.0,8.0,0,0,0,0,0,50.0,2249.0,89.0,64.0,8.0,0,438,4331
494,54.0,2521.0,89.0,78.0,4.0,54.0,2521.0,89.0,78.0,4.0,0,0,0,0,0,54.0,2521.0,89.0,78.0,4.0,0,462,4325
495,57.0,2447.0,89.0,82.0,3.0,57.0,2447.0,89.0,82.0,3.0,0,0,0,0,0,57.0,2447.0,89.0,82.0,3.0,0,437,4318
496,60.0,2482.0,89.0,81.0,3.0,60.0,2482.0,89.0,81.0,3.0,0,0,0,0,0,60.0,2482.0,89.0,81.0,3.0,0,442,4333
497,63.0,2515.0,89.0,81.0,3.0,63.0,2515.0,89.0,81.0,3.0,0,0,0,0,0,63.0,2515.0,89.0,81.0,3.0,0,454,4312
498,65.0,2380.0,26.0,76.0,21.0,65.0,2380.0,26.0,76.0,21.0,0,0,0,0,0,65.0,2380.0,26.0,76.0,21.0,0,461,4318
499,64.0,1776.0,16.0,39.0,36.0,64.0,1776.0,16.0,39.0,36.0,0,0,0,0,0,64.0,1776.0,16.0,39.0,36.0,0,453,4322
500,61.0,1434.0,13.0,18.0,0.0,61.0,1434.0,13.0,18.0,0.0,0,0,0,0,0,61.0,1434.0,13.0,18.0,0.0,0,458,4317
501,54.0,1519.0,13.0,17.0,0.0,54.0,1519.0,13.0,17.0,0.0,0,0,0,0,0,54.0,1519.0,13.0,17.0,0.0,0,452,4315
502,43.0,1503.0,13.0,21.0,0.0,43.0,1503.0,13.0,21.0,0.0,0,0,0,0,0,43.0,1503.0,13.0,21.0,0.0,0,443,4342
503,28.0,1262.0,14.0,22.0,18.0,28.0,1262.0,14.0,22.0,18.0,0,0,0,0,0,28.0,1262.0,14.0,22.0,18.0,0,439,4332
504,17.0,1131.0,14.0,32.0,-23.0,17.0,1131.0,14.0,32.0,-23.0,0,0,0,0,0,17.0,1131.0,14.0,32.0,-23.0,0,463,4311
505,13.0,1477.0,21.0,38.0,-6.0,13.0,1477.0,21.0,38.0,-6.0,0,0,0,0,0,13.0,1477.0,21.0,38.0,-6.0,0,455,4318
506,14.0,2072.0,88.0,46.0,4.0,14.0,2072.0,88.0,46.0,4.0,0,0,0,0,0,14.0,2072.0,88.0,46.0,4.0,0,459,4311
507,19.0,2444.0,89.0,44.0,15.0,19.0,2444.0,89.0,44.0,15.0,0,0,0,0,0,19.0,2444.0,89.0,44.0,15.0,0,452,4319
508,23.0,2264.0,89.0,53.0,10.0,23.0,2264.0,89.0,53.0,10.0,0,0,0,0,0,23.0,2264.0,89.0,53.0,10.0,0,443,4332
509,28.0,2159.0,89.0,63.0,11.0,28.0,2159.0,89.0,63.0,11.0,0,0,0,0,0,28.0,2159.0,89.0,63.0,11.0,0,440,4316
510,33.0,2230.0,89.0,67.0,8.0,33.0,2230.0,89.0,67.0,8.0,0,0,0,0,0,33.0,2230.0,89.0,67.0,8.0,0,463,4318
511,38.0,2279.0,89.0,66.0,8.0,38.0,2279.0,89.0,66.0,8.0,0,0,0,0,0,38.0,2279.0,89.0,66.0,8.0,0,452,4317
512,43.0,2298.0,89.0,69.0,8.0,43.0,2298.0,89.0,69.0,8.0,0,0,0,0,0,43.0,2298.0,89.0,69.0,8.0,0,442,7338
513,48.0,2294.0,34.0,69.0,8.0,48.0,2294.0,34.0,69.0,8.0,0,0,0,0,0,48.0,2294.0,34.0,69.0,8.0,0,439,4335
514,53.0,2215.0,89.0,63.0,10.0,53.0,2215.0,89.0,63.0,10.0,0,0,0,0,0,53.0,2215.0,89.0,63.0,10.0,0,460,4323
515,57.0,1996.0,30.0,55.0,13.0,57.0,1996.0,30.0,55.0,13.0,0,0,0,0,0,57.0,1996.0,30.0,55.0,13.0,0,439,4330
516,59.0,1802.0,21.0,53.0,33.0,59.0,1802.0,21.0,53.0,33.0,0,0,0,0,0,59.0,1802.0,21.0,53.0,33.0,0,444,4316
517,61.0,1472.0,13.0,20.0,0.0,61.0,1472.0,13.0,20.0,0.0,0,0,0,0,0,61.0,1472.0,13.0,20.0,0.0,0,455,4304
518,62.0,1556.0,18.0,27.0,20.0,62.0,1556.0,18.0,27.0,20.0,0,0,0,0,0,62.0,1556.0,18.0,27.0,20.0,0,459,4315
519,64.0,1788.0,89.0,60.0,10.0,64.0,1788.0,89.0,60.0,10.0,0,0,0,0,0,64.0,1788.0,89.0,60.0,10.0,0,454,4316
520,67.0,1978.0,89.0,52.0,13.0,67.0,1978.0,89.0,52.0,13.0,0,0,0,0,0,67.0,1978.0,89.0,52.0,13.0,0,456,4315
521,70.0,1910.0,89.0,50.0,11.0,70.0,1910.0,89.0,50.0,11.0,0,0,0,0,0,70.0,1910.0,89.0,50.0,11.0,0,438,4319
522,72.0,2032.0,89.0,51.0,13.0,72.0,2032.0,89.0,51.0,13.0,0,0,0,0,0,72.0,2032.0,89.0,51.0,13.0,0,440,4329
523,75.0,1998.0,89.0,52.0,16.0,75.0,1998.0,89.0,52.0,16.0,0,0,0,0,0,75.0,1998.0,89.0,52.0,16.0,0,437,4320
524,76.0,1595.0,17.0,40.0,27.0,76.0,1595.0,17.0,40.0,27.0,0,0,0,0,0,76.0,1595.0,17.0,40.0,27.0,0,460,4313
525,76.0,1594.0,22.0,40.0,20.0,76.0,1594.0,22.0,40.0,20.0,0,0,0,0,0,76.0,1594.0,22.0,40.0,20.0,0,446,4324
526,75.0,1648.0,11.0,14.0,16.0,75.0,1648.0,11.0,14.0,16.0,0,0,0,0,0,75.0,1648.0,11.0,14.0,16.0,0,443,4336
527,73.0,1575.0,12.0,12.0,0.0,73.0,1575.0,12.0,12.0,0.0,0,0,0,0,0,73.0,1575.0,12.0,12.0,0.0,0,457,4307
528,67.0,1548.0,13.0,16.0,0.0,67.0,1548.0,13.0,16.0,0.0,0,0,0,0,0,67.0,1548.0,13.0,16.0,0.0,0,443,4328
529,64.0,1585.0,13.0,16.0,0.0,64.0,1585.0,13.0,16.0,0.0,0,0,0,0,0,64.0,1585.0,13.0,16.0,0.0,0,443,4319
530,62.0,1542.0,12.0,16.0,0.0,62.0,1542.0,12.0,16.0,0.0,0,0,0,0,0,62.0,1542.0,12.0,16.0,0.0,0,458,4311
531,60.0,1528.0,12.0,17.0,0.0,60.0,1528.0,12.0,17.0,0.0,0,0,0,0,0,60.0,1528.0,12.0,17.0,0.0,0,455,4323
532,57.0,1511.0,12.0,17.0,0.0,57.0,1511.0,12.0,17.0,0.0,0,0,0,0,0,57.0,1511.0,12.0,17.0,0.0,0,462,4314
533,49.0,1509.0,13.0,19.0,0.0,49.0,1509.0,13.0,19.0,0.0,0,0,0,0,0,49.0,1509.0,13.0,19.0,0.0,0,458,4319
534,40.0,1515.0,13.0,19.0,0.0,40.0,1515.0,13.0,19.0,0.0,0,0,0,0,0,40.0,1515.0,13.0,19.0,0.0,0,461,4322
535,31.0,1528.0,13.0,19.0,0.0,31.0,1528.0,13.0,19.0,0.0,0,0,0,0,0,31.0,1528.0,13.0,19.0,0.0,0,443,4333
536,26.0,1148.0,15.0,33.0,-32.0,26.0,1148.0,15.0,33.0,-32.0,0,0,0,0,0,26.0,1148.0,15.0,33.0,-32.0,0,437,4329
537,28.0,1729.0,21.0,28.0,19.0,28.0,1729.0,21.0,28.0,19.0,0,0,0,0,0,28.0,1729.0,21.0,28.0,19.0,0,458,4316
538,31.0,1796.0,24.0,34.0,18.0,31.0,1796.0,24.0,34.0,18.0,0,0,0,0,0,31.0,1796.0,24.0,34.0,18.0,0,443,4326
539,34.0,1672.0,30.0,49.0,13.0,34.0,1672.0,30.0,49.0,13.0,0,0,0,0,0,34.0,1672.0,30.0,49.0,13.0,0,463,4328
540,37.0,1647.0,89.0,53.0,13.0,37.0,1647.0,89.0,53.0,13.0,0,0,0,0,0,37.0,1647.0,89.0,53.0,13.0,0,462,4324
541,40.0,1664.0,89.0,52.0,13.0,40.0,1664.0,89.0,52.0,13.0,0,0,0,0,0,40.0,1664.0,89.0,52.0,13.0,0,456,4306
542,41.0,1547.0,22.0,52.0,14.0,41.0,1547.0,22.0,52.0,14.0,0,0,0,0,0,41.0,1547.0,22.0,52.0,14.0,0,439,4338
543,42.0,1502.0,12.0,20.0,30.0,42.0,1502.0,12.0,20.0,30.0,0,0,0,0,0,42.0,1502.0,12.0,20.0,30.0,0,454,4316
544,41.0,1503.0,12.0,20.0,0.0,41.0,1503.0,12.0,20.0,0.0,0,0,0,0,0,41.0,1503.0,12.0,20.0,0.0,0,458,4325
545,38.0,1514.0,14.0,21.0,0.0,38.0,1514.0,14.0,21.0,0.0,0,0,0,0,0,38.0,1514.0,14.0,21.0,0.0,0,438,4315
546,34.0,1480.0,14.0,22.0,0.0,34.0,1480.0,14.0,22.0,0.0,0,0,0,0,0,34.0,1480.0,14.0,22.0,0.0,0,434,4333
547,27.0,1415.0,14.0,23.0,0.0,27.0,1415.0,14.0,23.0,0.0,0,0,0,0,0,27.0,1415.0,14.0,23.0,0.0,0,454,4319
548,20.0,1143.0,15.0,37.0,-30.0,20.0,1143.0,15.0,37.0,-30.0,0,0,0,0,0,20.0,1143.0,15.0,37.0,-30.0,0,438,4330
549,13.0,1093.0,14.0,35.0,-23.0,13.0,1093.0,14.0,35.0,-23.0,0,0,0,0,0,13.0,1093.0,14.0,35.0,-23.0,0,436,4318
550,8.0,993.0,14.0,33.0,-15.0,8.0,993.0,14.0,33.0,-15.0,0,0,0,0,0,8.0,993.0,14.0,33.0,-15.0,0,438,4310
551,5.0,994.0,18.0,52.0,-13.0,5.0,994.0,18.0,52.0,-13.0,0,0,0,0,0,5.0,994.0,18.0,52.0,-13.0,0,456,4310
552,5.0,1007.0,18.0,60.0,-13.0,5.0,1007.0,18.0,60.0,-13.0,0,0,0,0,0,5.0,1007.0,18.0,60.0,-13.0,0,438,4314
553,5.0,991.0,18.0,59.0,-4.0,5.0,991.0,18.0,59.0,-4.0,0,0,0,0,0,5.0,991.0,18.0,59.0,-4.0,0,454,4305
554,6.0,1171.0,16.0,41.0,16.0,6.0,1171.0,16.0,41.0,16.0,0,0,0,0,0,6.0,1171.0,16.0,41.0,16.0,0,451,4330
555,8.0,1018.0,13.0,34.0,9.0,8.0,1018.0,13.0,34.0,9.0,0,0,0,0,0,8.0,1018.0,13.0,34.0,9.0,0,440,4328
556,9.0,1243.0,20.0,42.0,10.0,9.0,1243.0,20.0,42.0,10.0,0,0,0,0,0,9.0,1243.0,20.0,42.0,10.0,0,437,4321
557,11.0,1592.0,23.0,45.0,15.0,11.0,1592.0,23.0,45.0,15.0,0,0,0,0,0,11.0,1592.0,23.0,45.0,15.0,0,453,4325
558,13.0,2002.0,89.0,44.0,12.0,13.0,2002.0,89.0,44.0,12.0,0,0,0,0,0,13.0,2002.0,89.0,44.0,12.0,0,437,4326
559,18.0,2224.0,89.0,43.0,15.0,18.0,2224.0,89.0,43.0,15.0,0,0,0,0,0,18.0,2224.0,89.0,43.0,15.0,0,438,4345
560,23.0,2109.0,89.0,49.0,14.0,23.0,2109.0,89.0,49.0,14.0,0,0,0,0,0,23.0,2109.0,89.0,49.0,14.0,0,454,4324
561,27.0,1822.0,89.0,61.0,11.0,27.0,1822.0,89.0,61.0,11.0,0,0,0,0,0,27.0,1822.0,89.0,61.0,11.0,0,438,4331
562,30.0,1808.0,89.0,61.0,11.0,30.0,1808.0,89.0,61.0,11.0,0,0,0,0,0,30.0,1808.0,89.0,61.0,11.0,0,438,4323
563,33.0,1793.0,89.0,61.0,11.0,33.0,1793.0,89.0,61.0,11.0,0,0,0,0,0,33.0,1793.0,89.0,61.0,11.0,0,454,4433
564,35.0,1698.0,89.0,58.0,13.0,35.0,1698.0,89.0,58.0,13.0,0,0,0,0,0,35.0,1698.0,89.0,58.0,13.0,0,455,4327
565,36.0,1466.0,14.0,43.0,28.0,36.0,1466.0,14.0,43.0,28.0,0,0,0,0,0,36.0,1466.0,14.0,43.0,28.0,0,440,4322
566,35.0,1516.0,14.0,23.0,-11.0,35.0,1516.0,14.0,23.0,-11.0,0,0,0,0,0,35.0,1516.0,14.0,23.0,-11.0,0,459,4317
567,29.0,1471.0,13.0,26.0,0.0,29.0,1471.0,13.0,26.0,0.0,0,0,0,0,0,29.0,1471.0,13.0,26.0,0.0,0,439,4316
568,22.0,1180.0,16.0,36.0,-22.0,22.0,1180.0,16.0,36.0,-22.0,0,0,0,0,0,22.0,1180.0,16.0,36.0,-22.0,0,444,4321
569,17.0,1139.0,15.0,38.0,-25.0,17.0,1139.0,15.0,38.0,-25.0,0,0,0,0,0,17.0,1139.0,15.0,38.0,-25.0,0,449,4303
570,14.0,1054.0,14.0,33.0,-23.0,14.0,1054.0,14.0,33.0,-23.0,0,0,0,0,0,14.0,1054.0,14.0,33.0,-23.0,0,455,4315
571,11.0,1024.0,14.0,33.0,-21.0,11.0,1024.0,14.0,33.0,-21.0,0,0,0,0,0,11.0,1024.0,14.0,33.0,-21.0,0,440,4323
572,11.0,1649.0,25.0,49.0,3.0,11.0,1649.0,25.0,49.0,3.0,0,0,0,0,0,11.0,1649.0,25.0,49.0,3.0,0,458,4313
573,12.0,1759.0,27.0,43.0,11.0,12.0,1759.0,27.0,43.0,11.0,0,0,0,0,0,12.0,1759.0,27.0,43.0,11.0,0,452,4314
574,16.0,1929.0,25.0,35.0,13.0,16.0,1929.0,25.0,35.0,13.0,0,0,0,0,0,16.0,1929.0,25.0,35.0,13.0,0,456,4320
575,20.0,1971.0,89.0,47.0,12.0,20.0,1971.0,89.0,47.0,12.0,0,0,0,0,0,20.0,1971.0,89.0,47.0,12.0,0,438,4323
576,23.0,1975.0,89.0,49.0,12.0,23.0,1975.0,89.0,49.0,12.0,0,0,0,0,0,23.0,1975.0,89.0,49.0,12.0,0,461,4315
577,27.0,1729.0,89.0,60.0,13.0,27.0,1729.0,89.0,60.0,13.0,0,0,0,0,0,27.0,1729.0,89.0,60.0,13.0,0,443,4314
578,27.0,1780.0,89.0,69.0,12.0,27.0,1780.0,89.0,69.0,12.0,0,0,0,0,0,27.0,1780.0,89.0,69.0,12.0,0,440,4339
579,27.0,1875.0,31.0,51.0,14.0,27.0,1875.0,31.0,51.0,14.0,0,0,0,0,0,27.0,1875.0,31.0,51.0,14.0,0,434,4310
580,25.0,1625.0,18.0,34.0,21.0,25.0,1625.0,18.0,34.0,21.0,0,0,0,0,0,25.0,1625.0,18.0,34.0,21.0,0,458,4320
581,23.0,1593.0,14.0,24.0,27.0,23.0,1593.0,14.0,24.0,27.0,0,0,0,0,0,23.0,1593.0,14.0,24.0,27.0,0,442,4323
582,19.0,1548.0,14.0,22.0,2.0,19.0,1548.0,14.0,22.0,2.0,0,0,0,0,0,19.0,1548.0,14.0,22.0,2.0,0,457,4317
583,14.0,1345.0,16.0,38.0,-14.0,14.0,1345.0,16.0,38.0,-14.0,0,0,0,0,0,14.0,1345.0,16.0,38.0,-14.0,0,455,4323
584,11.0,1040.0,15.0,37.0,-16.0,11.0,1040.0,15.0,37.0,-16.0,0,0,0,0,0,11.0,1040.0,15.0,37.0,-16.0,0,435,4327
585,10.0,1154.0,16.0,39.0,7.0,10.0,1154.0,16.0,39.0,7.0,0,0,0,0,0,10.0,1154.0,16.0,39.0,7.0,0,441,4314
586,11.0,1644.0,23.0,41.0,12.0,11.0,1644.0,23.0,41.0,12.0,0,0,0,0,0,11.0,1644.0,23.0,41.0,12.0,0,455,4316
587,14.0,1928.0,26.0,36.0,15.0,14.0,1928.0,26.0,36.0,15.0,0,0,0,0,0,14.0,1928.0,26.0,36.0,15.0,0,455,4312
588,17.0,1830.0,24.0,38.0,20.0,17.0,1830.0,24.0,38.0,20.0,0,0,0,0,0,17.0,1830.0,24.0,38.0,20.0,0,439,4334
589,19.0,1608.0,14.0,25.0,32.0,19.0,1608.0,14.0,25.0,32.0,0,0,0,0,0,19.0,1608.0,14.0,25.0,32.0,0,455,4321
590,18.0,1496.0,14.0,24.0,15.0,18.0,1496.0,14.0,24.0,15.0,0,0,0,0,0,18.0,1496.0,14.0,24.0,15.0,0,439,4338
591,15.0,1409.0,14.0,25.0,-6.0,15.0,1409.0,14.0,25.0,-6.0,0,0,0,0,0,15.0,1409.0,14.0,25.0,-6.0,0,438,4316
592,9.0,1155.0,15.0,39.0,-12.0,9.0,1155.0,15.0,39.0,-12.0,0,0,0,0,0,9.0,1155.0,15.0,39.0,-12.0,0,459,4308
593,5.0,966.0,18.0,45.0,-10.0,5.0,966.0,18.0,45.0,-10.0,0,0,0,0,0,5.0,966.0,18.0,45.0,-10.0,0,449,4314
594,3.0,1029.0,18.0,60.0,-14.0,3.0,1029.0,18.0,60.0,-14.0,0,0,0,0,0,3.0,1029.0,18.0,60.0,-14.0,0,438,4322
595,0.0,991.0,18.0,56.0,-13.0,0.0,991.0,18.0,56.0,-13.0,0,0,0,0,0,0.0,991.0,18.0,56.0,-13.0,0,449,4242
596,0.0,983.0,17.0,58.0,-13.0,0.0,983.0,17.0,58.0,-13.0,0,0,0,0,0,0.0,983.0,17.0,58.0,-13.0,0,456,4242
597,0.0,1015.0,16.0,47.0,-20.0,0.0,1015.0,16.0,47.0,-20.0,0,0,0,0,0,0.0,1015.0,16.0,47.0,-20.0,0,440,4250
598,0.0,971.0,14.0,38.0,-9.0,0.0,971.0,14.0,38.0,-9.0,0,0,0,0,0,0.0,971.0,14.0,38.0,-9.0,0,437,4244
599,0.0,961.0,14.0,35.0,-9.0,0.0,961.0,14.0,35.0,-9.0,0,0,0,0,0,0.0,961.0,14.0,35.0,-9.0,0,452,4247
600,0.0,0.0,10.0,41.0,0.0,0.0,1017.23,10.0,41.0,0.0,0,1,0,0,0,0.0,0.0,10.0,41.0,0.0,0,435,4166
