sample,input_speed,input_rpm,input_tp,input_load,input_timing,mstedarls_speed,mstedarls_rpm,mstedarls_tp,mstedarls_load,mstedarls_timing,mstedarls_flag_speed,mstedarls_flag_rpm,mstedarls_flag_tp,mstedarls_flag_load,mstedarls_flag_timing,mptedarls_speed,mptedarls_rpm,mptedarls_tp,mptedarls_load,mptedarls_timing,mptedarls_flag,time_mstedarls_us,time_mptedarls_us
0,0.00,982.00,15.00,16.00,4.00,0.00,982.00,15.00,16.00,4.00,0,0,0,0,0,0.00,982.00,15.00,16.00,4.00,0,424,1765
1,0.00,981.00,15.00,16.00,5.00,0.00,981.00,15.00,16.00,5.00,0,0,0,0,0,0.00,981.00,15.00,16.00,5.00,0,409,4184
2,0.00,977.00,15.00,16.00,4.00,0.00,977.00,15.00,16.00,4.00,0,0,0,0,0,0.00,977.00,15.00,16.00,4.00,0,403,4270
3,0.00,977.00,15.00,16.00,5.00,0.00,977.00,15.00,16.00,5.00,0,0,0,0,0,0.00,977.00,15.00,16.00,5.00,0,398,4114
4,0.00,974.00,15.00,16.00,6.00,0.00,974.00,15.00,16.00,6.00,0,0,0,0,0,0.00,974.00,15.00,16.00,6.00,0,408,4274
5,0.00,978.00,15.00,16.00,6.00,0.00,978.00,15.00,16.00,6.00,0,0,0,0,0,0.00,978.00,15.00,16.00,6.00,0,402,4113
6,0.00,979.00,15.00,16.00,4.00,0.00,979.00,15.00,16.00,4.00,0,0,0,0,0,0.00,979.00,15.00,16.00,4.00,0,402,4141
7,0.00,983.00,15.00,16.00,6.00,0.00,983.00,15.00,16.00,6.00,0,0,0,0,0,0.00,983.00,15.00,16.00,6.00,0,411,4119
8,0.00,981.00,15.00,16.00,3.00,0.00,981.00,15.00,16.00,3.00,0,0,0,0,0,0.00,981.00,15.00,16.00,3.00,0,411,4273
9,0.00,977.00,15.00,16.00,4.00,0.00,977.00,15.00,16.00,4.00,0,0,0,0,0,0.00,977.00,15.00,16.00,4.00,0,396,4113
10,0.00,980.00,15.00,16.00,6.00,0.00,980.00,15.00,16.00,6.00,0,0,0,0,0,0.00,980.00,15.00,16.00,6.00,0,400,4121
11,0.00,984.00,19.00,16.00,-18.00,0.00,984.00,15.00,16.00,4.88,0,0,1,0,1,0.00,452.61,8.61,9.32,-1.02,1,419,4050
12,0.00,934.00,20.00,26.00,-15.00,0.00,980.75,20.00,16.00,-15.00,0,1,0,1,0,0.00,934.00,20.00,26.00,-15.00,0,427,4124
13,0.00,980.00,18.00,27.00,-14.00,0.00,980.00,18.00,27.00,-14.00,0,0,0,0,0,0.00,980.00,18.00,27.00,-14.00,0,434,4119
14,0.00,975.00,19.00,21.00,-18.00,0.00,975.00,19.00,21.00,-18.00,0,0,0,0,0,0.00,975.00,19.00,21.00,-18.00,0,441,4133
15,2.00,946.00,83.00,34.00,-17.00,0.00,946.00,17.58,34.00,-17.00,1,0,1,0,0,0.00,1108.81,13.89,22.60,6.51,1,431,4164
16,3.00,924.00,82.00,34.00,-16.00,0.00,924.00,82.00,34.00,-16.00,1,0,0,0,0,3.00,924.00,82.00,34.00,-16.00,0,441,4491
17,3.00,926.00,21.00,32.00,-12.00,3.00,926.00,21.00,32.00,-12.00,0,0,0,0,0,3.00,926.00,21.00,32.00,-12.00,0,446,4305
18,4.00,889.00,19.00,28.00,-15.00,4.00,889.00,19.00,28.00,-15.00,0,0,0,0,0,4.00,889.00,19.00,28.00,-15.00,0,452,4318
19,5.00,938.00,18.00,22.00,-13.00,5.00,938.00,18.00,22.00,-13.00,0,0,0,0,0,5.00,938.00,18.00,22.00,-13.00,0,436,4327
20,4.00,880.00,18.00,24.00,-10.00,4.00,880.00,18.00,24.00,-10.00,0,0,0,0,0,4.00,880.00,18.00,24.00,-10.00,0,455,4302
21,3.00,898.00,19.00,27.00,-11.00,3.00,898.00,19.00,27.00,-11.00,0,0,0,0,0,3.00,898.00,19.00,27.00,-11.00,0,446,4308
22,2.00,909.00,21.00,29.00,-10.00,2.00,909.00,21.00,29.00,-10.00,0,0,0,0,0,2.00,909.00,21.00,29.00,-10.00,0,442,4330
23,0.00,914.00,19.00,27.00,-19.00,0.00,914.00,19.00,27.00,-19.00,0,0,0,0,0,0.00,914.00,19.00,27.00,-19.00,0,438,4247
24,0.00,960.00,19.00,28.00,-12.00,0.00,960.00,19.00,28.00,-12.00,0,0,0,0,0,0.00,960.00,19.00,28.00,-12.00,0,455,4243
25,1.00,971.00,21.00,31.00,-15.00,1.00,971.00,21.00,31.00,-15.00,0,0,0,0,0,1.00,971.00,21.00,31.00,-15.00,0,435,4317
26,2.00,967.00,17.00,26.00,-8.00,2.00,967.00,17.00,26.00,-8.00,0,0,0,0,0,2.00,967.00,17.00,26.00,-8.00,0,453,4312
27,3.00,921.00,19.00,24.00,-9.00,3.00,921.00,19.00,24.00,-9.00,0,0,0,0,0,3.00,921.00,19.00,24.00,-9.00,0,450,4314
28,2.00,927.00,23.00,30.00,-13.00,2.00,927.00,23.00,30.00,-13.00,0,0,0,0,0,2.00,927.00,23.00,30.00,-13.00,0,452,4314
29,2.00,958.00,32.00,34.00,-15.00,2.00,958.00,32.00,34.00,-15.00,0,0,0,0,0,2.00,958.00,32.00,34.00,-15.00,0,437,4316
30,2.00,950.00,29.00,34.00,-16.00,2.00,950.00,29.00,34.00,-16.00,0,0,0,0,0,2.00,950.00,29.00,34.00,-16.00,0,441,4318
31,2.00,972.00,51.00,34.00,-16.00,2.00,972.00,51.00,34.00,-16.00,0,0,0,0,0,2.00,972.00,51.00,34.00,-16.00,0,442,4302
32,1.00,918.00,18.00,28.00,-9.00,1.00,918.00,18.00,28.00,-9.00,0,0,0,0,0,1.00,918.00,18.00,28.00,-9.00,0,444,4503
33,0.00,965.00,17.00,27.00,-3.00,0.00,965.00,17.00,27.00,-3.00,0,0,0,0,0,0.00,965.00,17.00,27.00,-3.00,0,437,4239
34,0.00,942.00,19.00,25.00,-23.00,0.00,942.00,19.00,25.00,-23.00,0,0,0,0,0,0.00,942.00,19.00,25.00,-23.00,0,454,4253
35,1.00,937.00,20.00,27.00,-17.00,1.00,937.00,20.00,27.00,-17.00,0,0,0,0,0,1.00,937.00,20.00,27.00,-17.00,0,443,4306
36,5.00,1047.00,21.00,33.00,-16.00,5.00,1047.00,21.00,33.00,-16.00,0,0,0,0,0,5.00,1047.00,21.00,33.00,-16.00,0,442,4328
37,8.00,1381.00,19.00,27.00,6.00,2.12,974.93,19.00,27.00,6.00,1,1,0,0,0,8.00,1381.00,19.00,27.00,6.00,0,448,4442
38,10.00,1541.00,18.00,22.00,15.00,2.12,974.93,18.00,22.00,15.00,1,1,0,0,0,10.00,1541.00,18.00,22.00,15.00,0,428,4314
39,11.00,1713.00,20.00,23.00,17.00,2.12,974.93,20.00,23.00,17.00,1,1,0,0,0,11.00,1713.00,20.00,23.00,17.00,0,436,4312
40,12.00,1911.00,20.00,23.00,18.00,2.12,974.93,20.00,23.00,18.00,1,1,0,0,0,12.00,1911.00,20.00,23.00,18.00,0,449,4316
41,13.00,2039.00,20.00,21.00,19.00,2.12,974.93,20.00,21.00,19.00,1,1,0,0,0,11.42,1710.92,20.69,34.51,25.63,1,436,4225
42,15.00,2142.00,19.00,20.00,20.00,2.12,974.93,19.00,20.00,20.00,1,1,0,0,0,12.19,1740.87,20.56,35.30,29.34,1,440,4244
43,15.00,1986.00,14.00,11.00,10.00,15.00,1986.00,14.00,11.00,10.00,0,0,0,0,0,15.00,1986.00,14.00,11.00,10.00,0,425,4294
44,15.00,1259.00,13.00,7.00,19.00,15.00,1259.00,13.00,7.00,19.00,0,0,0,0,0,15.00,1259.00,13.00,7.00,19.00,0,451,4310
45,14.00,1007.00,14.00,11.00,2.00,14.00,1007.00,14.00,11.00,2.00,0,0,0,0,0,14.00,1007.00,14.00,11.00,2.00,0,450,4299
46,14.00,924.00,13.00,12.00,-5.00,14.00,924.00,13.00,12.00,-5.00,0,0,0,0,0,14.00,924.00,13.00,12.00,-5.00,0,443,4297
47,14.00,1255.00,16.00,22.00,-5.00,14.00,1255.00,16.00,22.00,-5.00,0,0,0,0,0,14.00,1255.00,16.00,22.00,-5.00,0,438,4296
48,13.00,1453.00,16.00,16.00,15.00,13.00,1453.00,16.00,16.00,15.00,0,0,0,0,0,13.00,1453.00,16.00,16.00,15.00,0,443,4327
49,13.00,1493.00,16.00,16.00,17.00,13.00,1493.00,16.00,16.00,17.00,0,0,0,0,0,13.00,1493.00,16.00,16.00,17.00,0,440,4316
50,13.00,1219.00,14.00,12.00,5.00,13.00,1219.00,14.00,12.00,5.00,0,0,0,0,0,13.00,1219.00,14.00,12.00,5.00,0,453,4307
51,13.00,987.00,14.00,12.00,2.00,13.00,987.00,14.00,12.00,2.00,0,0,0,0,0,13.00,987.00,14.00,12.00,2.00,0,450,4305
52,14.00,931.00,13.00,14.00,-1.00,14.00,931.00,13.00,14.00,-1.00,0,0,0,0,0,14.00,931.00,13.00,14.00,-1.00,0,433,4307
53,16.00,917.00,14.00,13.00,-3.00,16.00,917.00,14.00,13.00,-3.00,0,0,0,0,0,16.00,917.00,14.00,13.00,-3.00,0,451,4299
54,18.00,982.00,12.00,13.00,-8.00,18.00,982.00,12.00,13.00,-8.00,0,0,0,0,0,18.00,982.00,12.00,13.00,-8.00,0,454,4327
55,19.00,939.00,12.00,9.00,-6.00,19.00,939.00,12.00,9.00,-6.00,0,0,0,0,0,19.00,939.00,12.00,9.00,-6.00,0,439,4312
56,19.00,937.00,12.00,8.00,-3.00,19.00,937.00,12.00,8.00,-3.00,0,0,0,0,0,19.00,937.00,12.00,8.00,-3.00,0,443,4308
57,20.00,933.00,12.00,7.00,-4.00,20.00,933.00,12.00,7.00,-4.00,0,0,0,0,0,20.00,933.00,12.00,7.00,-4.00,0,451,4303
58,20.00,912.00,11.00,7.00,-3.00,20.00,912.00,11.00,7.00,-3.00,0,0,0,0,0,20.00,912.00,11.00,7.00,-3.00,0,443,4320
59,17.00,873.00,13.00,7.00,-3.00,17.00,873.00,13.00,7.00,-3.00,0,0,0,0,0,17.00,873.00,13.00,7.00,-3.00,0,438,4299
60,14.00,858.00,14.00,12.00,-7.00,14.00,858.00,14.00,12.00,-7.00,0,0,0,0,0,14.00,858.00,14.00,12.00,-7.00,0,450,4312
61,12.00,846.00,14.00,13.00,-5.00,12.00,846.00,14.00,13.00,-5.00,0,0,0,0,0,12.00,846.00,14.00,13.00,-5.00,0,441,4303
62,10.00,835.00,14.00,14.00,-6.00,10.00,835.00,14.00,14.00,-6.00,0,0,0,0,0,10.00,835.00,14.00,14.00,-6.00,0,442,4318
63,11.00,852.00,14.00,15.00,-9.00,11.00,852.00,14.00,15.00,-9.00,0,0,0,0,0,11.00,852.00,14.00,15.00,-9.00,0,439,4302
64,12.00,868.00,14.00,13.00,-5.00,12.00,868.00,14.00,13.00,-5.00,0,0,0,0,0,12.00,868.00,14.00,13.00,-5.00,0,454,4523
65,12.00,994.00,19.00,17.00,-13.00,12.00,994.00,19.00,17.00,-13.00,0,0,0,0,0,12.00,994.00,19.00,17.00,-13.00,0,447,4299
66,14.00,1281.00,18.00,25.00,5.00,14.00,1281.00,18.00,25.00,5.00,0,0,0,0,0,14.00,1281.00,18.00,25.00,5.00,0,455,4310
67,15.00,1424.00,19.00,25.00,14.00,15.00,1424.00,19.00,25.00,14.00,0,0,0,0,0,15.00,1424.00,19.00,25.00,14.00,0,445,4309
68,17.00,1483.00,18.00,21.00,16.00,17.00,1483.00,18.00,21.00,16.00,0,0,0,0,0,17.00,1483.00,18.00,21.00,16.00,0,442,4307
69,18.00,1574.00,18.00,20.00,16.00,18.00,1574.00,18.00,20.00,16.00,0,0,0,0,0,18.00,1574.00,18.00,20.00,16.00,0,427,4301
70,19.00,1618.00,17.00,18.00,17.00,19.00,1618.00,17.00,18.00,17.00,0,0,0,0,0,19.00,1618.00,17.00,18.00,17.00,0,453,4314
71,20.00,1665.00,17.00,16.00,18.00,20.00,1665.00,17.00,16.00,18.00,0,0,0,0,0,20.00,1665.00,17.00,16.00,18.00,0,439,4308
72,20.00,1685.00,16.00,16.00,15.00,20.00,1685.00,16.00,16.00,15.00,0,0,0,0,0,20.00,1685.00,16.00,16.00,15.00,0,443,4324
73,21.00,1668.00,16.00,14.00,14.00,21.00,1668.00,16.00,14.00,14.00,0,0,0,0,0,21.00,1668.00,16.00,14.00,14.00,0,440,4299
74,21.00,1639.00,15.00,12.00,12.00,21.00,1639.00,15.00,12.00,12.00,0,0,0,0,0,21.00,1639.00,15.00,12.00,12.00,0,445,4308
75,20.00,1323.00,12.00,7.00,9.00,20.00,1323.00,12.00,7.00,9.00,0,0,0,0,0,20.00,1323.00,12.00,7.00,9.00,0,440,4320
76,18.00,1126.00,12.00,8.00,1.00,18.00,1126.00,12.00,8.00,1.00,0,0,0,0,0,18.00,1126.00,12.00,8.00,1.00,0,442,4314
77,17.00,989.00,12.00,8.00,-4.00,17.00,989.00,12.00,8.00,-4.00,0,0,0,0,0,17.00,989.00,12.00,8.00,-4.00,0,450,4295
78,16.00,924.00,13.00,9.00,-3.00,16.00,924.00,13.00,9.00,-3.00,0,0,0,0,0,16.00,924.00,13.00,9.00,-3.00,0,444,4324
79,15.00,893.00,12.00,9.00,-1.00,15.00,893.00,12.00,9.00,-1.00,0,0,0,0,0,15.00,893.00,12.00,9.00,-1.00,0,439,4311
80,13.00,872.00,13.00,10.00,3.00,13.00,872.00,13.00,10.00,3.00,0,0,0,0,0,13.00,872.00,13.00,10.00,3.00,0,450,4311
81,10.00,841.00,14.00,12.00,-9.00,10.00,841.00,14.00,12.00,-9.00,0,0,0,0,0,10.00,841.00,14.00,12.00,-9.00,0,449,4307
82,5.00,778.00,16.00,19.00,-11.00,5.00,778.00,16.00,19.00,-11.00,0,0,0,0,0,5.00,778.00,16.00,19.00,-11.00,0,441,4332
83,2.00,897.00,16.00,18.00,-9.00,2.00,897.00,16.00,18.00,-9.00,0,0,0,0,0,2.00,897.00,16.00,18.00,-9.00,0,446,4306
84,1.00,870.00,19.00,21.00,-10.00,1.00,870.00,19.00,21.00,-10.00,0,0,0,0,0,1.00,870.00,19.00,21.00,-10.00,0,444,4316
85,0.00,948.00,18.00,26.00,-7.00,0.00,948.00,18.00,26.00,-7.00,0,0,0,0,0,0.00,948.00,18.00,26.00,-7.00,0,445,4231
86,3.00,945.00,20.00,27.00,-12.00,3.00,945.00,20.00,27.00,-12.00,0,0,0,0,0,3.00,945.00,20.00,27.00,-12.00,0,431,4298
87,5.00,906.00,30.00,32.00,-22.00,5.00,906.00,30.00,32.00,-22.00,0,0,0,0,0,5.00,906.00,30.00,32.00,-22.00,0,449,4303
88,7.00,927.00,20.00,30.00,-19.00,7.00,927.00,20.00,30.00,-19.00,0,0,0,0,0,7.00,927.00,20.00,30.00,-19.00,0,442,4315
89,9.00,882.00,18.00,25.00,-16.00,9.00,882.00,18.00,25.00,-16.00,0,0,0,0,0,9.00,882.00,18.00,25.00,-16.00,0,440,4308
90,8.00,922.00,15.00,19.00,-7.00,8.00,922.00,15.00,19.00,-7.00,0,0,0,0,0,8.00,922.00,15.00,19.00,-7.00,0,450,4308
91,7.00,862.00,18.00,22.00,-12.00,7.00,862.00,18.00,22.00,-12.00,0,0,0,0,0,7.00,862.00,18.00,22.00,-12.00,0,439,4319
92,6.00,883.00,19.00,26.00,-11.00,6.00,883.00,19.00,26.00,-11.00,0,0,0,0,0,6.00,883.00,19.00,26.00,-11.00,0,453,4312
93,6.00,888.00,20.00,28.00,-12.00,6.00,888.00,20.00,28.00,-12.00,0,0,0,0,0,6.00,888.00,20.00,28.00,-12.00,0,449,4309
94,7.00,892.00,20.00,28.00,-13.00,7.00,892.00,20.00,28.00,-13.00,0,0,0,0,0,7.00,892.00,20.00,28.00,-13.00,0,451,4311
95,8.00,909.00,82.00,33.00,-18.00,8.00,909.00,19.29,33.00,-18.00,0,0,1,0,0,15.70,1301.81,24.51,89.64,-18.09,1,437,4220
96,10.00,1047.00,21.00,31.00,-12.00,10.00,1047.00,21.00,31.00,-12.00,0,0,0,0,0,10.00,1047.00,21.00,31.00,-12.00,0,442,4313
97,12.00,1225.00,20.00,28.00,10.00,12.00,1225.00,20.00,28.00,10.00,0,0,0,0,0,12.00,1225.00,20.00,28.00,10.00,0,449,4296
98,14.00,1350.00,21.00,27.00,11.00,14.00,1350.00,21.00,27.00,11.00,0,0,0,0,0,14.00,1350.00,21.00,27.00,11.00,0,443,4318
99,16.00,1515.00,22.00,29.00,14.00,16.00,1515.00,22.00,29.00,14.00,0,0,0,0,0,16.00,1515.00,22.00,29.00,14.00,0,451,4299
100,18.00,1663.00,23.00,28.00,15.00,18.00,1663.00,23.00,28.00,15.00,0,0,0,0,0,18.00,1663.00,23.00,28.00,15.00,0,452,4311
101,20.00,1809.00,22.00,28.00,16.00,20.00,1809.00,22.00,28.00,16.00,0,0,0,0,0,20.00,1809.00,22.00,28.00,16.00,0,439,4296
102,22.00,1930.00,22.00,26.00,17.00,22.00,1930.00,22.00,26.00,17.00,0,0,0,0,0,22.12,1710.56,23.84,28.09,26.49,1,443,4238
103,24.00,2036.00,22.00,25.00,18.00,24.00,2036.00,22.00,25.00,18.00,0,0,0,0,0,23.96,1757.74,23.89,28.11,30.71,1,446,4225
104,25.00,2109.00,20.00,21.00,20.00,25.00,2109.00,20.00,21.00,20.00,0,0,0,0,0,26.21,1754.42,21.90,26.12,34.54,1,451,4228
105,25.00,2063.00,18.00,15.00,12.00,25.00,2063.00,18.00,15.00,12.00,0,0,0,0,0,27.16,1552.23,18.59,24.34,34.54,1,451,4220
106,25.00,2051.00,18.00,15.00,12.00,25.00,2051.00,18.00,15.00,12.00,0,0,0,0,0,27.00,1552.23,18.53,24.19,34.12,1,454,5312
107,24.00,1942.00,14.00,14.00,3.00,24.00,1942.00,14.00,14.00,3.00,0,0,0,0,0,24.00,1942.00,14.00,14.00,3.00,0,434,4290
108,23.00,1541.00,12.00,8.00,-9.00,23.00,1541.00,12.00,8.00,-9.00,0,0,0,0,0,23.00,1541.00,12.00,8.00,-9.00,0,439,4324
109,22.00,1496.00,13.00,7.00,30.00,22.00,1496.00,13.00,7.00,30.00,0,0,0,0,0,22.00,1496.00,13.00,7.00,30.00,0,441,4311
110,21.00,1361.00,12.00,6.00,7.00,21.00,1361.00,12.00,6.00,7.00,0,0,0,0,0,21.00,1361.00,12.00,6.00,7.00,0,456,4304
111,20.00,1276.00,12.00,6.00,2.00,20.00,1276.00,12.00,6.00,2.00,0,0,0,0,0,20.00,1276.00,12.00,6.00,2.00,0,439,4315
112,19.00,1084.00,12.00,6.00,-1.00,19.00,1084.00,12.00,6.00,-1.00,0,0,0,0,0,19.00,1084.00,12.00,6.00,-1.00,0,444,4312
113,17.00,950.00,12.00,7.00,-3.00,17.00,950.00,12.00,7.00,-3.00,0,0,0,0,0,17.00,950.00,12.00,7.00,-3.00,0,450,4298
114,16.00,919.00,12.00,7.00,2.00,16.00,919.00,12.00,7.00,2.00,0,0,0,0,0,16.00,919.00,12.00,7.00,2.00,0,456,4315
115,16.00,1286.00,20.00,24.00,-18.00,16.00,1286.00,20.00,24.00,-18.00,0,0,0,0,0,16.00,1286.00,20.00,24.00,-18.00,0,437,4304
116,17.00,1543.00,21.00,28.00,6.00,17.00,1543.00,21.00,28.00,6.00,0,0,0,0,0,17.00,1543.00,21.00,28.00,6.00,0,454,4305
117,19.00,1721.00,23.00,29.00,13.00,19.00,1721.00,23.00,29.00,13.00,0,0,0,0,0,19.00,1721.00,23.00,29.00,13.00,0,449,4311
118,21.00,1875.00,23.00,29.00,16.00,21.00,1875.00,23.00,29.00,16.00,0,0,0,0,0,21.00,1875.00,23.00,29.00,16.00,0,443,4323
119,22.00,1983.00,24.00,28.00,16.00,22.00,1983.00,24.00,28.00,16.00,0,0,0,0,0,22.00,1983.00,24.00,28.00,16.00,0,439,4310
120,25.00,2186.00,25.00,27.00,17.00,25.00,2186.00,25.00,27.00,17.00,0,0,0,0,0,25.00,2186.00,25.00,27.00,17.00,0,452,4319
121,27.00,2311.00,24.00,27.00,18.00,27.00,2311.00,24.00,27.00,18.00,0,0,0,0,0,27.00,2311.00,24.00,27.00,18.00,0,439,4307
122,28.00,1762.00,23.00,26.00,14.00,28.00,1762.00,23.00,26.00,14.00,0,0,0,0,0,28.00,1762.00,23.00,26.00,14.00,0,441,4331
123,30.00,1660.00,25.00,32.00,13.00,30.00,1660.00,25.00,32.00,13.00,0,0,0,0,0,30.00,1660.00,25.00,32.00,13.00,0,438,4312
124,30.00,1593.00,25.00,33.00,13.00,30.00,1593.00,25.00,33.00,13.00,0,0,0,0,0,30.00,1593.00,25.00,33.00,13.00,0,453,4323
125,32.00,1583.00,25.00,34.00,13.00,32.00,1583.00,25.00,34.00,13.00,0,0,0,0,0,32.00,1583.00,25.00,34.00,13.00,0,425,4302
126,32.00,1638.00,25.00,33.00,13.00,32.00,1638.00,25.00,33.00,13.00,0,0,0,0,0,32.00,1638.00,25.00,33.00,13.00,0,453,4315
127,33.00,1678.00,25.00,33.00,13.00,33.00,1678.00,25.00,33.00,13.00,0,0,0,0,0,33.00,1678.00,25.00,33.00,13.00,0,449,4317
128,34.00,1711.00,25.00,33.00,13.00,34.00,1711.00,25.00,33.00,13.00,0,0,0,0,0,34.00,1711.00,25.00,33.00,13.00,0,432,4581
129,34.00,1742.00,25.00,33.00,13.00,34.00,1742.00,25.00,33.00,13.00,0,0,0,0,0,34.00,1742.00,25.00,33.00,13.00,0,437,4314
130,35.00,1764.00,25.00,32.00,13.00,35.00,1764.00,25.00,32.00,13.00,0,0,0,0,0,35.00,1764.00,25.00,32.00,13.00,0,453,4309
131,35.00,1767.00,25.00,33.00,13.00,35.00,1767.00,25.00,33.00,13.00,0,0,0,0,0,35.00,1767.00,25.00,33.00,13.00,0,425,4289
132,36.00,1754.00,25.00,32.00,13.00,36.00,1754.00,25.00,32.00,13.00,0,0,0,0,0,36.00,1754.00,25.00,32.00,13.00,0,442,4316
133,36.00,1775.00,24.00,32.00,13.00,36.00,1775.00,24.00,32.00,13.00,0,0,0,0,0,36.00,1775.00,24.00,32.00,13.00,0,449,4306
134,36.00,1788.00,25.00,32.00,14.00,36.00,1788.00,25.00,32.00,14.00,0,0,0,0,0,36.00,1788.00,25.00,32.00,14.00,0,452,4312
135,37.00,1811.00,25.00,32.00,15.00,37.00,1811.00,25.00,32.00,15.00,0,0,0,0,0,37.00,1811.00,25.00,32.00,15.00,0,437,4323
136,37.00,1828.00,24.00,31.00,15.00,37.00,1828.00,24.00,31.00,15.00,0,0,0,0,0,37.00,1828.00,24.00,31.00,15.00,0,441,4322
137,37.00,1843.00,24.00,30.00,15.00,37.00,1843.00,24.00,30.00,15.00,0,0,0,0,0,37.00,1843.00,24.00,30.00,15.00,0,448,4304
138,38.00,1856.00,24.00,30.00,15.00,38.00,1856.00,24.00,30.00,15.00,0,0,0,0,0,38.00,1856.00,24.00,30.00,15.00,0,442,4346
139,38.00,1861.00,24.00,31.00,15.00,38.00,1861.00,24.00,31.00,15.00,0,0,0,0,0,38.00,1861.00,24.00,31.00,15.00,0,436,4315
140,38.00,1862.00,24.00,30.00,15.00,38.00,1862.00,24.00,30.00,15.00,0,0,0,0,0,38.00,1862.00,24.00,30.00,15.00,0,453,4317
141,38.00,1869.00,24.00,31.00,15.00,38.00,1869.00,24.00,31.00,15.00,0,0,0,0,0,38.00,1869.00,24.00,31.00,15.00,0,438,4309
142,38.00,1866.00,24.00,30.00,15.00,38.00,1866.00,24.00,30.00,15.00,0,0,0,0,0,38.00,1866.00,24.00,30.00,15.00,0,443,4325
143,38.00,1876.00,24.00,30.00,15.00,38.00,1876.00,24.00,30.00,15.00,0,0,0,0,0,38.00,1876.00,24.00,30.00,15.00,0,438,4308
144,39.00,1897.00,24.00,30.00,15.00,39.00,1897.00,24.00,30.00,15.00,0,0,0,0,0,39.00,1897.00,24.00,30.00,15.00,0,451,4315
145,39.00,1920.00,24.00,30.00,15.00,39.00,1920.00,24.00,30.00,15.00,0,0,0,0,0,39.00,1920.00,24.00,30.00,15.00,0,450,4294
146,40.00,1959.00,24.00,29.00,15.00,40.00,1959.00,24.00,29.00,15.00,0,0,0,0,0,40.00,1959.00,24.00,29.00,15.00,0,442,4313
147,41.00,1484.00,22.00,29.00,13.00,41.00,1484.00,22.00,29.00,13.00,0,0,0,0,0,41.00,1484.00,22.00,29.00,13.00,0,437,4307
148,40.00,1444.00,14.00,17.00,-2.00,40.00,1444.00,14.00,17.00,-2.00,0,0,0,0,0,40.00,1444.00,14.00,17.00,-2.00,0,443,4313
149,39.00,1424.00,13.00,7.00,-8.00,39.00,1424.00,13.00,7.00,-8.00,0,0,0,0,0,39.00,1424.00,13.00,7.00,-8.00,0,440,4311
150,38.00,1395.00,12.00,6.00,-9.00,38.00,1395.00,12.00,6.00,-9.00,0,0,0,0,0,38.00,1395.00,12.00,6.00,-9.00,0,455,4316
151,38.00,1367.00,12.00,6.00,-9.00,38.00,1367.00,12.00,6.00,-9.00,0,0,0,0,0,38.00,1367.00,12.00,6.00,-9.00,0,439,4317
152,38.00,1348.00,12.00,6.00,-9.00,38.00,1348.00,12.00,6.00,-9.00,0,0,0,0,0,38.00,1348.00,12.00,6.00,-9.00,0,443,4319
153,37.00,1347.00,12.00,6.00,-9.00,37.00,1347.00,12.00,6.00,-9.00,0,0,0,0,0,37.00,1347.00,12.00,6.00,-9.00,0,450,4298
154,37.00,1337.00,12.00,6.00,-9.00,37.00,1337.00,12.00,6.00,-9.00,0,0,0,0,0,37.00,1337.00,12.00,6.00,-9.00,0,455,4308
155,36.00,1300.00,12.00,6.00,-9.00,36.00,1300.00,12.00,6.00,-9.00,0,0,0,0,0,36.00,1300.00,12.00,6.00,-9.00,0,431,4297
156,33.00,1621.00,13.00,6.00,-7.00,33.00,1621.00,13.00,6.00,-7.00,0,0,0,0,0,33.00,1621.00,13.00,6.00,-7.00,0,442,4316
157,30.00,1470.00,12.00,7.00,-9.00,30.00,1470.00,12.00,7.00,-9.00,0,0,0,0,0,30.00,1470.00,12.00,7.00,-9.00,0,450,4305
158,25.00,1243.00,12.00,6.00,18.00,25.00,1243.00,12.00,6.00,18.00,0,0,0,0,0,25.00,1243.00,12.00,6.00,18.00,0,443,4328
159,19.00,1168.00,12.00,8.00,0.00,19.00,1168.00,12.00,8.00,0.00,0,0,0,0,0,19.00,1168.00,12.00,8.00,0.00,0,449,4313
160,17.00,950.00,12.00,7.00,-7.00,17.00,950.00,12.00,7.00,-7.00,0,0,0,0,0,17.00,950.00,12.00,7.00,-7.00,0,450,4319
161,15.00,913.00,13.00,8.00,14.00,15.00,913.00,13.00,8.00,14.00,0,0,0,0,0,15.00,913.00,13.00,8.00,14.00,0,440,4312
162,16.00,1412.00,17.00,21.00,-3.00,16.00,1412.00,17.00,21.00,-3.00,0,0,0,0,0,16.00,1412.00,17.00,21.00,-3.00,0,441,4327
163,18.00,1551.00,18.00,18.00,15.00,18.00,1551.00,18.00,18.00,15.00,0,0,0,0,0,18.00,1551.00,18.00,18.00,15.00,0,436,4311
164,19.00,1676.00,17.00,19.00,17.00,19.00,1676.00,17.00,19.00,17.00,0,0,0,0,0,19.00,1676.00,17.00,19.00,17.00,0,454,4308
165,21.00,1788.00,18.00,18.00,18.00,21.00,1788.00,18.00,18.00,18.00,0,0,0,0,0,21.00,1788.00,18.00,18.00,18.00,0,449,4292
166,23.00,1913.00,18.00,19.00,18.00,23.00,1913.00,18.00,19.00,18.00,0,0,0,0,0,23.00,1913.00,18.00,19.00,18.00,0,453,4310
167,24.00,2000.00,18.00,18.00,19.00,24.00,2000.00,18.00,18.00,19.00,0,0,0,0,0,24.00,2000.00,18.00,18.00,19.00,0,448,4304
168,25.00,2068.00,17.00,17.00,18.00,25.00,2068.00,17.00,17.00,18.00,0,0,0,0,0,25.00,2068.00,17.00,17.00,18.00,0,442,4332
169,25.00,2140.00,19.00,20.00,20.00,25.00,2140.00,19.00,20.00,20.00,0,0,0,0,0,25.00,2140.00,19.00,20.00,20.00,0,438,4324
170,27.00,2304.00,21.00,22.00,20.00,27.00,2304.00,21.00,22.00,20.00,0,0,0,0,0,27.00,2304.00,21.00,22.00,20.00,0,453,4313
171,29.00,2134.00,19.00,20.00,11.00,29.00,2134.00,19.00,20.00,11.00,0,0,0,0,0,29.00,2134.00,19.00,20.00,11.00,0,430,4308
172,30.00,1620.00,20.00,25.00,15.00,30.00,1620.00,20.00,25.00,15.00,0,0,0,0,0,30.00,1620.00,20.00,25.00,15.00,0,441,4321
173,31.00,1577.00,20.00,23.00,15.00,31.00,1577.00,20.00,23.00,15.00,0,0,0,0,0,31.00,1577.00,20.00,23.00,15.00,0,449,4315
174,33.00,1647.00,21.00,27.00,15.00,33.00,1647.00,21.00,27.00,15.00,0,0,0,0,0,33.00,1647.00,21.00,27.00,15.00,0,441,4327
175,34.00,1676.00,21.00,27.00,15.00,34.00,1676.00,21.00,27.00,15.00,0,0,0,0,0,34.00,1676.00,21.00,27.00,15.00,0,436,4319
176,36.00,1753.00,21.00,26.00,16.00,36.00,1753.00,21.00,26.00,16.00,0,0,0,0,0,36.00,1753.00,21.00,26.00,16.00,0,442,4328
177,37.00,1823.00,22.00,27.00,16.00,37.00,1823.00,22.00,27.00,16.00,0,0,0,0,0,37.00,1823.00,22.00,27.00,16.00,0,447,4315
178,39.00,1896.00,23.00,28.00,15.00,39.00,1896.00,23.00,28.00,15.00,0,0,0,0,0,39.00,1896.00,23.00,28.00,15.00,0,443,4329
179,40.00,1511.00,25.00,33.00,12.00,40.00,1511.00,25.00,33.00,12.00,0,0,0,0,0,40.00,1511.00,25.00,33.00,12.00,0,426,4301
180,42.00,1581.00,30.00,40.00,8.00,42.00,1581.00,30.00,40.00,8.00,0,0,0,0,0,42.00,1581.00,30.00,40.00,8.00,0,452,4324
181,44.00,1643.00,32.00,43.00,7.00,44.00,1643.00,32.00,43.00,7.00,0,0,0,0,0,44.00,1643.00,32.00,43.00,7.00,0,438,4328
182,47.00,1718.00,32.00,42.00,8.00,47.00,1718.00,32.00,42.00,8.00,0,0,0,0,0,47.00,1718.00,32.00,42.00,8.00,0,430,4307
183,49.00,1759.00,31.00,40.00,9.00,49.00,1759.00,31.00,40.00,9.00,0,0,0,0,0,49.00,1759.00,31.00,40.00,9.00,0,437,4309
184,51.00,1832.00,29.00,36.00,11.00,51.00,1832.00,29.00,36.00,11.00,0,0,0,0,0,51.00,1832.00,29.00,36.00,11.00,0,444,4322
185,52.00,1415.00,29.00,38.00,6.00,52.00,1415.00,29.00,38.00,6.00,0,0,0,0,0,52.00,1415.00,29.00,38.00,6.00,0,449,4308
186,54.00,1485.00,41.00,49.00,5.00,54.00,1485.00,41.00,49.00,5.00,0,0,0,0,0,54.00,1485.00,41.00,49.00,5.00,0,454,4322
187,55.00,1527.00,30.00,45.00,7.00,55.00,1527.00,30.00,45.00,7.00,0,0,0,0,0,55.00,1527.00,30.00,45.00,7.00,0,439,4325
188,56.00,1541.00,28.00,41.00,9.00,56.00,1541.00,28.00,41.00,9.00,0,0,0,0,0,56.00,1541.00,28.00,41.00,9.00,0,441,4325
189,57.00,1571.00,28.00,38.00,11.00,57.00,1571.00,28.00,38.00,11.00,0,0,0,0,0,57.00,1571.00,28.00,38.00,11.00,0,438,4321
190,57.00,1580.00,29.00,38.00,11.00,57.00,1580.00,29.00,38.00,11.00,0,0,0,0,0,57.00,1580.00,29.00,38.00,11.00,0,453,4314
191,58.00,1616.00,29.00,40.00,9.00,58.00,1616.00,29.00,40.00,9.00,0,0,0,0,0,58.00,1616.00,29.00,40.00,9.00,0,438,4305
192,59.00,1633.00,30.00,40.00,9.00,59.00,1633.00,30.00,40.00,9.00,0,0,0,0,0,59.00,1633.00,30.00,40.00,9.00,0,442,4329
193,60.00,1665.00,30.00,40.00,9.00,60.00,1665.00,30.00,40.00,9.00,0,0,0,0,0,60.00,1665.00,30.00,40.00,9.00,0,449,4300
194,61.00,1674.00,28.00,39.00,9.00,61.00,1674.00,28.00,39.00,9.00,0,0,0,0,0,61.00,1674.00,28.00,39.00,9.00,0,454,4318
195,61.00,1672.00,18.00,23.00,0.00,61.00,1672.00,18.00,23.00,0.00,0,0,0,0,0,61.00,1672.00,18.00,23.00,0.00,0,437,4320
196,60.00,1591.00,13.00,7.00,-1.00,60.00,1591.00,13.00,7.00,-1.00,0,0,0,0,0,60.00,1591.00,13.00,7.00,-1.00,0,442,4315
197,58.00,1540.00,13.00,6.00,-7.00,58.00,1540.00,13.00,6.00,-7.00,0,0,0,0,0,58.00,1540.00,13.00,6.00,-7.00,0,439,4294
198,55.00,1487.00,12.00,6.00,-9.00,55.00,1487.00,12.00,6.00,-9.00,0,0,0,0,0,55.00,1487.00,12.00,6.00,-9.00,0,444,4320
199,53.00,1419.00,12.00,6.00,-9.00,53.00,1419.00,12.00,6.00,-9.00,0,0,0,0,0,53.00,1419.00,12.00,6.00,-9.00,0,438,4310
200,49.00,1456.00,12.00,6.00,-9.00,49.00,1456.00,12.00,6.00,-9.00,0,0,0,0,0,49.00,1456.00,12.00,6.00,-9.00,0,453,4318
201,45.00,1621.00,13.00,7.00,-7.00,45.00,1621.00,13.00,7.00,-7.00,0,0,0,0,0,45.00,1621.00,13.00,7.00,-7.00,0,440,4298
202,41.00,1817.00,13.00,7.00,-4.00,41.00,1817.00,13.00,7.00,-4.00,0,0,0,0,0,41.00,1817.00,13.00,7.00,-4.00,0,435,4305
203,37.00,1830.00,13.00,7.00,-3.00,37.00,1830.00,13.00,7.00,-3.00,0,0,0,0,0,37.00,1830.00,13.00,7.00,-3.00,0,448,4303
204,35.00,1737.00,16.00,10.00,3.00,35.00,1737.00,16.00,10.00,3.00,0,0,0,0,0,35.00,1737.00,16.00,10.00,3.00,0,454,4325
205,35.00,1691.00,15.00,12.00,13.00,35.00,1691.00,15.00,12.00,13.00,0,0,0,0,0,35.00,1691.00,15.00,12.00,13.00,0,448,4313
206,34.00,1669.00,16.00,12.00,14.00,34.00,1669.00,16.00,12.00,14.00,0,0,0,0,0,34.00,1669.00,16.00,12.00,14.00,0,454,4315
207,33.00,1636.00,14.00,12.00,0.00,33.00,1636.00,14.00,12.00,0.00,0,0,0,0,0,33.00,1636.00,14.00,12.00,0.00,0,450,4310
208,32.00,1593.00,13.00,7.00,-7.00,32.00,1593.00,13.00,7.00,-7.00,0,0,0,0,0,32.00,1593.00,13.00,7.00,-7.00,0,443,4320
209,31.00,1532.00,12.00,7.00,-9.00,31.00,1532.00,12.00,7.00,-9.00,0,0,0,0,0,31.00,1532.00,12.00,7.00,-9.00,0,444,4322
210,30.00,1458.00,12.00,7.00,-9.00,30.00,1458.00,12.00,7.00,-9.00,0,0,0,0,0,30.00,1458.00,12.00,7.00,-9.00,0,455,4315
211,28.00,1396.00,13.00,7.00,31.00,28.00,1396.00,13.00,7.00,31.00,0,0,0,0,0,28.00,1396.00,13.00,7.00,31.00,0,454,4315
212,28.00,1403.00,13.00,8.00,28.00,28.00,1403.00,13.00,8.00,28.00,0,0,0,0,0,28.00,1403.00,13.00,8.00,28.00,0,443,4324
213,28.00,1376.00,14.00,9.00,25.00,28.00,1376.00,14.00,9.00,25.00,0,0,0,0,0,28.00,1376.00,14.00,9.00,25.00,0,454,4319
214,27.00,1354.00,15.00,10.00,8.00,27.00,1354.00,15.00,10.00,8.00,0,0,0,0,0,27.00,1354.00,15.00,10.00,8.00,0,444,4310
215,27.00,1327.00,14.00,12.00,20.00,27.00,1327.00,14.00,12.00,20.00,0,0,0,0,0,27.00,1327.00,14.00,12.00,20.00,0,442,4322
216,27.00,1312.00,14.00,12.00,17.00,27.00,1312.00,14.00,12.00,17.00,0,0,0,0,0,27.00,1312.00,14.00,12.00,17.00,0,449,4323
217,27.00,1320.00,16.00,17.00,12.00,27.00,1320.00,16.00,17.00,12.00,0,0,0,0,0,27.00,1320.00,16.00,17.00,12.00,0,454,4342
218,27.00,1334.00,16.00,16.00,14.00,27.00,1334.00,16.00,16.00,14.00,0,0,0,0,0,27.00,1334.00,16.00,16.00,14.00,0,442,4330
219,27.00,1351.00,16.00,16.00,15.00,27.00,1351.00,16.00,16.00,15.00,0,0,0,0,0,27.00,1351.00,16.00,16.00,15.00,0,441,4321
220,28.00,1359.00,16.00,16.00,15.00,28.00,1359.00,16.00,16.00,15.00,0,0,0,0,0,28.00,1359.00,16.00,16.00,15.00,0,454,4331
221,28.00,1374.00,16.00,17.00,15.00,28.00,1374.00,16.00,17.00,15.00,0,0,0,0,0,28.00,1374.00,16.00,17.00,15.00,0,442,4315
222,28.00,1382.00,16.00,16.00,15.00,28.00,1382.00,16.00,16.00,15.00,0,0,0,0,0,28.00,1382.00,16.00,16.00,15.00,0,441,4336
223,28.00,1392.00,16.00,16.00,15.00,28.00,1392.00,16.00,16.00,15.00,0,0,0,0,0,28.00,1392.00,16.00,16.00,15.00,0,429,4315
224,29.00,1409.00,15.00,16.00,15.00,29.00,1409.00,15.00,16.00,15.00,0,0,0,0,0,29.00,1409.00,15.00,16.00,15.00,0,440,4318
225,29.00,1419.00,15.00,16.00,15.00,29.00,1419.00,15.00,16.00,15.00,0,0,0,0,0,29.00,1419.00,15.00,16.00,15.00,0,442,4307
226,29.00,1413.00,15.00,16.00,15.00,29.00,1413.00,15.00,16.00,15.00,0,0,0,0,0,29.00,1413.00,15.00,16.00,15.00,0,453,4328
227,29.00,1408.00,15.00,16.00,15.00,29.00,1408.00,15.00,16.00,15.00,0,0,0,0,0,29.00,1408.00,15.00,16.00,15.00,0,453,4317
228,28.00,1404.00,15.00,17.00,15.00,28.00,1404.00,15.00,17.00,15.00,0,0,0,0,0,28.00,1404.00,15.00,17.00,15.00,0,431,4326
229,28.00,1407.00,16.00,18.00,15.00,28.00,1407.00,16.00,18.00,15.00,0,0,0,0,0,28.00,1407.00,16.00,18.00,15.00,0,430,4322
230,29.00,1423.00,17.00,20.00,15.00,29.00,1423.00,17.00,20.00,15.00,0,0,0,0,0,29.00,1423.00,17.00,20.00,15.00,0,454,4319
231,29.00,1449.00,17.00,21.00,15.00,29.00,1449.00,17.00,21.00,15.00,0,0,0,0,0,29.00,1449.00,17.00,21.00,15.00,0,441,4319
232,30.00,1462.00,17.00,21.00,15.00,30.00,1462.00,17.00,21.00,15.00,0,0,0,0,0,30.00,1462.00,17.00,21.00,15.00,0,431,4331
233,31.00,1499.00,17.00,21.00,16.00,31.00,1499.00,17.00,21.00,16.00,0,0,0,0,0,31.00,1499.00,17.00,21.00,16.00,0,454,4323
234,31.00,1527.00,19.00,22.00,15.00,31.00,1527.00,19.00,22.00,15.00,0,0,0,0,0,31.00,1527.00,19.00,22.00,15.00,0,450,4326
235,32.00,1574.00,20.00,25.00,15.00,32.00,1574.00,20.00,25.00,15.00,0,0,0,0,0,32.00,1574.00,20.00,25.00,15.00,0,442,4334
236,33.00,1632.00,20.00,25.00,15.00,33.00,1632.00,20.00,25.00,15.00,0,0,0,0,0,33.00,1632.00,20.00,25.00,15.00,0,454,4324
237,34.00,1673.00,19.00,24.00,16.00,34.00,1673.00,19.00,24.00,16.00,0,0,0,0,0,34.00,1673.00,19.00,24.00,16.00,0,451,4319
238,35.00,1723.00,19.00,23.00,17.00,35.00,1723.00,19.00,23.00,17.00,0,0,0,0,0,35.00,1723.00,19.00,23.00,17.00,0,441,4336
239,36.00,1770.00,19.00,22.00,18.00,36.00,1770.00,19.00,22.00,18.00,0,0,0,0,0,36.00,1770.00,19.00,22.00,18.00,0,453,4324
240,37.00,1814.00,19.00,22.00,17.00,37.00,1814.00,19.00,22.00,17.00,0,0,0,0,0,37.00,1814.00,19.00,22.00,17.00,0,455,4319
241,38.00,1872.00,24.00,27.00,15.00,38.00,1872.00,24.00,27.00,15.00,0,0,0,0,0,38.00,1872.00,24.00,27.00,15.00,0,438,4309
242,40.00,1451.00,23.00,30.00,12.00,40.00,1451.00,23.00,30.00,12.00,0,0,0,0,0,40.00,1451.00,23.00,30.00,12.00,0,441,4333
243,42.00,1573.00,25.00,32.00,13.00,42.00,1573.00,25.00,32.00,13.00,0,0,0,0,0,42.00,1573.00,25.00,32.00,13.00,0,455,4312
244,44.00,1646.00,25.00,33.00,13.00,44.00,1646.00,25.00,33.00,13.00,0,0,0,0,0,44.00,1646.00,25.00,33.00,13.00,0,452,4319
245,47.00,1712.00,25.00,32.00,13.00,47.00,1712.00,25.00,32.00,13.00,0,0,0,0,0,47.00,1712.00,25.00,32.00,13.00,0,453,4315
246,49.00,1761.00,25.00,32.00,13.00,49.00,1761.00,25.00,32.00,13.00,0,0,0,0,0,49.00,1761.00,25.00,32.00,13.00,0,453,4326
247,51.00,1835.00,25.00,32.00,14.00,51.00,1835.00,25.00,32.00,14.00,0,0,0,0,0,51.00,1835.00,25.00,32.00,14.00,0,450,4316
248,53.00,1906.00,25.00,32.00,-7.00,53.00,1906.00,25.00,32.00,-7.00,0,0,0,0,0,53.00,1906.00,25.00,32.00,-7.00,0,442,4340
249,55.00,1526.00,25.00,34.00,12.00,55.00,1526.00,25.00,34.00,12.00,0,0,0,0,0,55.00,1526.00,25.00,34.00,12.00,0,441,4318
250,56.00,1555.00,25.00,34.00,12.00,56.00,1555.00,25.00,34.00,12.00,0,0,0,0,0,56.00,1555.00,25.00,34.00,12.00,0,457,4328
251,58.00,1579.00,25.00,34.00,12.00,58.00,1579.00,25.00,34.00,12.00,0,0,0,0,0,58.00,1579.00,25.00,34.00,12.00,0,441,4308
252,58.00,1609.00,25.00,34.00,12.00,58.00,1609.00,25.00,34.00,12.00,0,0,0,0,0,58.00,1609.00,25.00,34.00,12.00,0,441,4318
253,60.00,1634.00,25.00,34.00,12.00,60.00,1634.00,25.00,34.00,12.00,0,0,0,0,0,60.00,1634.00,25.00,34.00,12.00,0,452,4306
254,61.00,1670.00,25.00,34.00,13.00,61.00,1670.00,25.00,34.00,13.00,0,0,0,0,0,61.00,1670.00,25.00,34.00,13.00,0,440,4311
255,61.00,1686.00,25.00,34.00,13.00,61.00,1686.00,25.00,34.00,13.00,0,0,0,0,0,61.00,1686.00,25.00,34.00,13.00,0,445,4328
256,62.00,1697.00,21.00,26.00,15.00,62.00,1697.00,21.00,26.00,15.00,0,0,0,0,0,62.00,1697.00,21.00,26.00,15.00,0,442,5376
257,62.00,1705.00,23.00,28.00,15.00,62.00,1705.00,23.00,28.00,15.00,0,0,0,0,0,62.00,1705.00,23.00,28.00,15.00,0,445,4302
258,62.00,1707.00,23.00,29.00,15.00,62.00,1707.00,23.00,29.00,15.00,0,0,0,0,0,62.00,1707.00,23.00,29.00,15.00,0,429,4328
259,62.00,1716.00,23.00,30.00,15.00,62.00,1716.00,23.00,30.00,15.00,0,0,0,0,0,62.00,1716.00,23.00,30.00,15.00,0,449,4307
260,63.00,1717.00,23.00,29.00,15.00,63.00,1717.00,23.00,29.00,15.00,0,0,0,0,0,63.00,1717.00,23.00,29.00,15.00,0,451,4304
261,63.00,1670.00,15.00,23.00,-5.00,63.00,1670.00,15.00,23.00,-5.00,0,0,0,0,0,63.00,1670.00,15.00,23.00,-5.00,0,442,4330
262,61.00,1640.00,13.00,7.00,-6.00,61.00,1640.00,13.00,7.00,-6.00,0,0,0,0,0,61.00,1640.00,13.00,7.00,-6.00,0,445,4324
263,59.00,1589.00,13.00,7.00,-7.00,59.00,1589.00,13.00,7.00,-7.00,0,0,0,0,0,59.00,1589.00,13.00,7.00,-7.00,0,454,4309
264,57.00,1529.00,12.00,7.00,-9.00,57.00,1529.00,12.00,7.00,-9.00,0,0,0,0,0,57.00,1529.00,12.00,7.00,-9.00,0,454,4311
265,54.00,1456.00,12.00,6.00,-5.00,54.00,1456.00,12.00,6.00,-5.00,0,0,0,0,0,54.00,1456.00,12.00,6.00,-5.00,0,454,4317
266,51.00,1371.00,12.00,5.00,-6.00,51.00,1371.00,12.00,5.00,-6.00,0,0,0,0,0,51.00,1371.00,12.00,5.00,-6.00,0,456,4324
267,47.00,1256.00,12.00,6.00,-3.00,47.00,1256.00,12.00,6.00,-3.00,0,0,0,0,0,47.00,1256.00,12.00,6.00,-3.00,0,454,4328
268,40.00,1296.00,12.00,7.00,-9.00,40.00,1296.00,12.00,7.00,-9.00,0,0,0,0,0,40.00,1296.00,12.00,7.00,-9.00,0,443,4340
269,34.00,1245.00,12.00,6.00,-9.00,34.00,1245.00,12.00,6.00,-9.00,0,0,0,0,0,34.00,1245.00,12.00,6.00,-9.00,0,442,4421
270,28.00,1111.00,12.00,6.00,-9.00,28.00,1111.00,12.00,6.00,-9.00,0,0,0,0,0,28.00,1111.00,12.00,6.00,-9.00,0,454,4319
271,21.00,985.00,14.00,8.00,-4.00,21.00,985.00,14.00,8.00,-4.00,0,0,0,0,0,21.00,985.00,14.00,8.00,-4.00,0,442,4319
272,17.00,964.00,11.00,7.00,-3.00,17.00,964.00,11.00,7.00,-3.00,0,0,0,0,0,17.00,964.00,11.00,7.00,-3.00,0,436,4307
273,15.00,1416.00,21.00,29.00,-6.00,15.00,1416.00,21.00,29.00,-6.00,0,0,0,0,0,15.00,1416.00,21.00,29.00,-6.00,0,454,4324
274,18.00,1650.00,22.00,29.00,12.00,18.00,1650.00,22.00,29.00,12.00,0,0,0,0,0,18.00,1650.00,22.00,29.00,12.00,0,460,4320
275,20.00,1834.00,25.00,32.00,14.00,20.00,1834.00,25.00,32.00,14.00,0,0,0,0,0,20.00,1834.00,25.00,32.00,14.00,0,445,4313
276,22.00,1988.00,25.00,33.00,14.00,22.00,1988.00,25.00,33.00,14.00,0,0,0,0,0,22.00,1988.00,25.00,33.00,14.00,0,456,4326
277,24.00,2139.00,26.00,32.00,15.00,24.00,2139.00,26.00,32.00,15.00,0,0,0,0,0,24.00,2139.00,26.00,32.00,15.00,0,458,4315
278,26.00,2323.00,27.00,33.00,15.00,26.00,2323.00,27.00,33.00,15.00,0,0,0,0,0,26.00,2323.00,27.00,33.00,15.00,0,458,4316
279,29.00,2440.00,27.00,32.00,-7.00,29.00,2440.00,27.00,32.00,-7.00,0,0,0,0,0,29.00,2440.00,27.00,32.00,-7.00,0,457,4319
280,30.00,1715.00,26.00,36.00,11.00,30.00,1715.00,26.00,36.00,11.00,0,0,0,0,0,30.00,1715.00,26.00,36.00,11.00,0,450,4314
281,31.00,1671.00,29.00,36.00,11.00,31.00,1671.00,29.00,36.00,11.00,0,0,0,0,0,31.00,1671.00,29.00,36.00,11.00,0,441,4329
282,32.00,1626.00,29.00,38.00,11.00,32.00,1626.00,29.00,38.00,11.00,0,0,0,0,0,32.00,1626.00,29.00,38.00,11.00,0,441,4329
283,34.00,1695.00,29.00,36.00,11.00,34.00,1695.00,29.00,36.00,11.00,0,0,0,0,0,34.00,1695.00,29.00,36.00,11.00,0,442,4306
284,35.00,1756.00,29.00,36.00,11.00,35.00,1756.00,29.00,36.00,11.00,0,0,0,0,0,35.00,1756.00,29.00,36.00,11.00,0,441,4315
285,36.00,1789.00,29.00,36.00,11.00,36.00,1789.00,29.00,36.00,11.00,0,0,0,0,0,36.00,1789.00,29.00,36.00,11.00,0,452,4309
286,37.00,1830.00,28.00,35.00,12.00,37.00,1830.00,28.00,35.00,12.00,0,0,0,0,0,37.00,1830.00,28.00,35.00,12.00,0,452,4329
287,38.00,1860.00,27.00,33.00,12.00,38.00,1860.00,27.00,33.00,12.00,0,0,0,0,0,38.00,1860.00,27.00,33.00,12.00,0,430,4313
288,39.00,1895.00,27.00,32.00,12.00,39.00,1895.00,27.00,32.00,12.00,0,0,0,0,0,39.00,1895.00,27.00,32.00,12.00,0,442,4314
289,39.00,1917.00,27.00,32.00,12.00,39.00,1917.00,27.00,32.00,12.00,0,0,0,0,0,39.00,1917.00,27.00,32.00,12.00,0,453,4301
290,40.00,1943.00,27.00,31.00,13.00,40.00,1943.00,27.00,31.00,13.00,0,0,0,0,0,40.00,1943.00,27.00,31.00,13.00,0,450,4318
291,40.00,1982.00,26.00,30.00,13.00,40.00,1982.00,26.00,30.00,13.00,0,0,0,0,0,40.00,1982.00,26.00,30.00,13.00,0,441,4308
292,42.00,2039.00,26.00,30.00,13.00,42.00,2039.00,26.00,30.00,13.00,0,0,0,0,0,42.00,2039.00,26.00,30.00,13.00,0,452,4316
293,43.00,1546.00,25.00,32.00,11.00,43.00,1546.00,25.00,32.00,11.00,0,0,0,0,0,43.00,1546.00,25.00,32.00,11.00,0,547,4312
294,44.00,1635.00,29.00,38.00,9.00,44.00,1635.00,29.00,38.00,9.00,0,0,0,0,0,44.00,1635.00,29.00,38.00,9.00,0,442,4335
295,45.00,1679.00,30.00,38.00,9.00,45.00,1679.00,30.00,38.00,9.00,0,0,0,0,0,45.00,1679.00,30.00,38.00,9.00,0,443,4319
296,47.00,1729.00,30.00,38.00,9.00,47.00,1729.00,30.00,38.00,9.00,0,0,0,0,0,47.00,1729.00,30.00,38.00,9.00,0,453,4323
297,49.00,1764.00,27.00,34.00,12.00,49.00,1764.00,27.00,34.00,12.00,0,0,0,0,0,49.00,1764.00,27.00,34.00,12.00,0,431,4308
298,51.00,1819.00,23.00,32.00,15.00,51.00,1819.00,23.00,32.00,15.00,0,0,0,0,0,51.00,1819.00,23.00,32.00,15.00,0,453,4322
299,52.00,1869.00,25.00,29.00,-6.00,52.00,1869.00,25.00,29.00,-6.00,0,0,0,0,0,52.00,1869.00,25.00,29.00,-6.00,0,454,4309
300,54.00,1489.00,25.00,34.00,12.00,54.00,1489.00,25.00,34.00,12.00,0,0,0,0,0,54.00,1489.00,25.00,34.00,12.00,0,454,4318
301,55.00,1530.00,24.00,32.00,13.00,55.00,1530.00,24.00,32.00,13.00,0,0,0,0,0,55.00,1530.00,24.00,32.00,13.00,0,430,4318
302,56.00,1505.00,15.00,21.00,-3.00,56.00,1505.00,15.00,21.00,-3.00,0,0,0,0,0,56.00,1505.00,15.00,21.00,-3.00,0,453,4333
303,56.00,1495.00,13.00,7.00,-6.00,56.00,1495.00,13.00,7.00,-6.00,0,0,0,0,0,56.00,1495.00,13.00,7.00,-6.00,0,454,4307
304,56.00,1498.00,13.00,7.00,-9.00,56.00,1498.00,13.00,7.00,-9.00,0,0,0,0,0,56.00,1498.00,13.00,7.00,-9.00,0,443,4320
305,56.00,1489.00,13.00,6.00,-9.00,56.00,1489.00,13.00,6.00,-9.00,0,0,0,0,0,56.00,1489.00,13.00,6.00,-9.00,0,442,4302
306,55.00,1473.00,12.00,6.00,-9.00,55.00,1473.00,12.00,6.00,-9.00,0,0,0,0,0,55.00,1473.00,12.00,6.00,-9.00,0,456,4315
307,53.00,1417.00,12.00,6.00,-9.00,53.00,1417.00,12.00,6.00,-9.00,0,0,0,0,0,53.00,1417.00,12.00,6.00,-9.00,0,446,4320
308,49.00,1329.00,12.00,6.00,-9.00,49.00,1329.00,12.00,6.00,-9.00,0,0,0,0,0,49.00,1329.00,12.00,6.00,-9.00,0,442,4328
309,43.00,1192.00,12.00,6.00,-9.00,43.00,1192.00,12.00,6.00,-9.00,0,0,0,0,0,43.00,1192.00,12.00,6.00,-9.00,0,455,4306
310,36.00,1305.00,12.00,6.00,-9.00,36.00,1305.00,12.00,6.00,-9.00,0,0,0,0,0,36.00,1305.00,12.00,6.00,-9.00,0,451,4319
311,29.00,1225.00,12.00,6.00,-9.00,29.00,1225.00,12.00,6.00,-9.00,0,0,0,0,0,29.00,1225.00,12.00,6.00,-9.00,0,443,4313
312,23.00,1081.00,15.00,8.00,-8.00,23.00,1081.00,15.00,8.00,-8.00,0,0,0,0,0,23.00,1081.00,15.00,8.00,-8.00,0,452,4324
313,18.00,1009.00,12.00,6.00,-5.00,18.00,1009.00,12.00,6.00,-5.00,0,0,0,0,0,18.00,1009.00,12.00,6.00,-5.00,0,451,4316
314,17.00,1252.00,21.00,12.00,-22.00,17.00,1252.00,21.00,12.00,-22.00,0,0,0,0,0,17.00,1252.00,21.00,12.00,-22.00,0,443,4322
315,20.00,1780.00,21.00,28.00,15.00,20.00,1780.00,21.00,28.00,15.00,0,0,0,0,0,20.00,1780.00,21.00,28.00,15.00,0,450,4312
316,24.00,2043.00,23.00,28.00,15.00,24.00,2043.00,23.00,28.00,15.00,0,0,0,0,0,24.00,2043.00,23.00,28.00,15.00,0,451,4527
317,27.00,2299.00,24.00,28.00,17.00,27.00,2299.00,24.00,28.00,17.00,0,0,0,0,0,27.00,2299.00,24.00,28.00,17.00,0,443,4309
318,30.00,1790.00,23.00,27.00,15.00,30.00,1790.00,23.00,27.00,15.00,0,0,0,0,0,30.00,1790.00,23.00,27.00,15.00,0,452,4321
319,32.00,1784.00,25.00,32.00,14.00,32.00,1784.00,25.00,32.00,14.00,0,0,0,0,0,32.00,1784.00,25.00,32.00,14.00,0,453,4318
320,35.00,1797.00,26.00,33.00,13.00,35.00,1797.00,26.00,33.00,13.00,0,0,0,0,0,35.00,1797.00,26.00,33.00,13.00,0,441,4315
321,37.00,1828.00,26.00,34.00,13.00,37.00,1828.00,26.00,34.00,13.00,0,0,0,0,0,37.00,1828.00,26.00,34.00,13.00,0,442,4321
322,39.00,1907.00,26.00,35.00,-1.00,39.00,1907.00,26.00,35.00,-1.00,0,0,0,0,0,39.00,1907.00,26.00,35.00,-1.00,0,453,4342
323,40.00,1509.00,27.00,36.00,12.00,40.00,1509.00,27.00,36.00,12.00,0,0,0,0,0,40.00,1509.00,27.00,36.00,12.00,0,454,4316
324,41.00,1541.00,27.00,37.00,12.00,41.00,1541.00,27.00,37.00,12.00,0,0,0,0,0,41.00,1541.00,27.00,37.00,12.00,0,429,4316
325,42.00,1571.00,26.00,36.00,12.00,42.00,1571.00,26.00,36.00,12.00,0,0,0,0,0,42.00,1571.00,26.00,36.00,12.00,0,452,4311
326,43.00,1608.00,26.00,35.00,12.00,43.00,1608.00,26.00,35.00,12.00,0,0,0,0,0,43.00,1608.00,26.00,35.00,12.00,0,442,4315
327,45.00,1651.00,26.00,35.00,12.00,45.00,1651.00,26.00,35.00,12.00,0,0,0,0,0,45.00,1651.00,26.00,35.00,12.00,0,441,4314
328,46.00,1695.00,25.00,34.00,12.00,46.00,1695.00,25.00,34.00,12.00,0,0,0,0,0,46.00,1695.00,25.00,34.00,12.00,0,442,4315
329,47.00,1726.00,25.00,34.00,12.00,47.00,1726.00,25.00,34.00,12.00,0,0,0,0,0,47.00,1726.00,25.00,34.00,12.00,0,454,4306
330,48.00,1739.00,25.00,34.00,13.00,48.00,1739.00,25.00,34.00,13.00,0,0,0,0,0,48.00,1739.00,25.00,34.00,13.00,0,451,4313
331,49.00,1747.00,24.00,33.00,12.00,49.00,1747.00,24.00,33.00,12.00,0,0,0,0,0,49.00,1747.00,24.00,33.00,12.00,0,443,4311
332,48.00,1741.00,14.00,17.00,6.00,48.00,1741.00,14.00,17.00,6.00,0,0,0,0,0,48.00,1741.00,14.00,17.00,6.00,0,441,4300
333,47.00,1700.00,13.00,7.00,-5.00,47.00,1700.00,13.00,7.00,-5.00,0,0,0,0,0,47.00,1700.00,13.00,7.00,-5.00,0,452,4307
334,45.00,1633.00,13.00,7.00,-6.00,45.00,1633.00,13.00,7.00,-6.00,0,0,0,0,0,45.00,1633.00,13.00,7.00,-6.00,0,444,4321
335,43.00,1562.00,12.00,7.00,-8.00,43.00,1562.00,12.00,7.00,-8.00,0,0,0,0,0,43.00,1562.00,12.00,7.00,-8.00,0,456,4304
336,41.00,1496.00,12.00,7.00,-9.00,41.00,1496.00,12.00,7.00,-9.00,0,0,0,0,0,41.00,1496.00,12.00,7.00,-9.00,0,454,4312
337,38.00,1374.00,12.00,6.00,-8.00,38.00,1374.00,12.00,6.00,-8.00,0,0,0,0,0,38.00,1374.00,12.00,6.00,-8.00,0,453,4308
338,32.00,1172.00,13.00,6.00,7.00,32.00,1172.00,13.00,6.00,7.00,0,0,0,0,0,32.00,1172.00,13.00,6.00,7.00,0,455,4310
339,26.00,1297.00,12.00,6.00,-9.00,26.00,1297.00,12.00,6.00,-9.00,0,0,0,0,0,26.00,1297.00,12.00,6.00,-9.00,0,450,4313
340,22.00,1082.00,11.00,7.00,-9.00,22.00,1082.00,11.00,7.00,-9.00,0,0,0,0,0,22.00,1082.00,11.00,7.00,-9.00,0,444,4328
341,17.00,1468.00,20.00,22.00,-18.00,17.00,1468.00,20.00,22.00,-18.00,0,0,0,0,0,17.00,1468.00,20.00,22.00,-18.00,0,444,4317
342,19.00,1701.00,22.00,27.00,13.00,19.00,1701.00,22.00,27.00,13.00,0,0,0,0,0,19.00,1701.00,22.00,27.00,13.00,0,430,4317
343,21.00,1861.00,24.00,30.00,15.00,21.00,1861.00,24.00,30.00,15.00,0,0,0,0,0,21.00,1861.00,24.00,30.00,15.00,0,453,4320
344,22.00,1976.00,25.00,31.00,15.00,22.00,1976.00,25.00,31.00,15.00,0,0,0,0,0,22.00,1976.00,25.00,31.00,15.00,0,443,4311
345,24.00,2114.00,25.00,31.00,15.00,24.00,2114.00,25.00,31.00,15.00,0,0,0,0,0,24.00,2114.00,25.00,31.00,15.00,0,443,4300
346,25.00,2213.00,25.00,29.00,15.00,25.00,2213.00,25.00,29.00,15.00,0,0,0,0,0,25.00,2213.00,25.00,29.00,15.00,0,453,4326
347,27.00,2310.00,24.00,28.00,17.00,27.00,2310.00,24.00,28.00,17.00,0,0,0,0,0,27.00,2310.00,24.00,28.00,17.00,0,442,4325
348,28.00,2404.00,25.00,29.00,18.00,28.00,2404.00,25.00,29.00,18.00,0,0,0,0,0,28.00,2404.00,25.00,29.00,18.00,0,430,4326
349,29.00,2499.00,25.00,29.00,18.00,29.00,2499.00,25.00,29.00,18.00,0,0,0,0,0,29.00,2499.00,25.00,29.00,18.00,0,453,4314
350,31.00,2585.00,23.00,26.00,18.00,31.00,2585.00,23.00,26.00,18.00,0,0,0,0,0,31.00,2585.00,23.00,26.00,18.00,0,454,4306
351,31.00,2616.00,22.00,21.00,19.00,31.00,2356.89,22.00,21.00,19.00,0,1,0,0,0,31.00,2616.00,22.00,21.00,19.00,0,441,4309
352,32.00,2293.00,23.00,25.00,10.00,32.00,2293.00,23.00,25.00,10.00,0,0,0,0,0,32.00,2293.00,23.00,25.00,10.00,0,455,4309
353,33.00,1794.00,22.00,27.00,15.00,33.00,1794.00,22.00,27.00,15.00,0,0,0,0,0,33.00,1794.00,22.00,27.00,15.00,0,442,4296
354,33.00,1745.00,21.00,27.00,15.00,33.00,1745.00,21.00,27.00,15.00,0,0,0,0,0,33.00,1745.00,21.00,27.00,15.00,0,441,4320
355,34.00,1693.00,20.00,26.00,15.00,34.00,1693.00,20.00,26.00,15.00,0,0,0,0,0,34.00,1693.00,20.00,26.00,15.00,0,442,4318
356,35.00,1705.00,17.00,18.00,14.00,35.00,1705.00,17.00,18.00,14.00,0,0,0,0,0,35.00,1705.00,17.00,18.00,14.00,0,452,4307
357,34.00,1712.00,13.00,7.00,-5.00,34.00,1712.00,13.00,7.00,-5.00,0,0,0,0,0,34.00,1712.00,13.00,7.00,-5.00,0,454,4301
358,34.00,1639.00,12.00,7.00,24.00,34.00,1639.00,12.00,7.00,24.00,0,0,0,0,0,34.00,1639.00,12.00,7.00,24.00,0,454,4318
359,33.00,1626.00,13.00,6.00,-7.00,33.00,1626.00,13.00,6.00,-7.00,0,0,0,0,0,33.00,1626.00,13.00,6.00,-7.00,0,445,4301
360,32.00,1566.00,12.00,7.00,-8.00,32.00,1566.00,12.00,7.00,-8.00,0,0,0,0,0,32.00,1566.00,12.00,7.00,-8.00,0,444,4321
361,31.00,1520.00,12.00,7.00,-9.00,31.00,1520.00,12.00,7.00,-9.00,0,0,0,0,0,31.00,1520.00,12.00,7.00,-9.00,0,442,4320
362,30.00,1463.00,12.00,7.00,-9.00,30.00,1463.00,12.00,7.00,-9.00,0,0,0,0,0,30.00,1463.00,12.00,7.00,-9.00,0,453,4313
363,28.00,1376.00,12.00,6.00,-11.00,28.00,1376.00,12.00,6.00,-11.00,0,0,0,0,0,28.00,1376.00,12.00,6.00,-11.00,0,456,4307
364,24.00,1217.00,12.00,5.00,10.00,24.00,1217.00,12.00,5.00,10.00,0,0,0,0,0,24.00,1217.00,12.00,5.00,10.00,0,442,4331
365,20.00,1233.00,12.00,7.00,-6.00,20.00,1233.00,12.00,7.00,-6.00,0,0,0,0,0,20.00,1233.00,12.00,7.00,-6.00,0,455,4306
366,19.00,1178.00,12.00,6.00,31.00,19.00,1178.00,12.00,6.00,31.00,0,0,0,0,0,19.00,1178.00,12.00,6.00,31.00,0,453,4325
367,18.00,1447.00,17.00,17.00,-15.00,18.00,1447.00,17.00,17.00,-15.00,0,0,0,0,0,18.00,1447.00,17.00,17.00,-15.00,0,443,4327
368,18.00,1616.00,19.00,23.00,14.00,18.00,1616.00,19.00,23.00,14.00,0,0,0,0,0,18.00,1616.00,19.00,23.00,14.00,0,429,4323
369,19.00,1710.00,20.00,23.00,17.00,19.00,1710.00,20.00,23.00,17.00,0,0,0,0,0,19.00,1710.00,20.00,23.00,17.00,0,455,4314
370,20.00,1806.00,21.00,25.00,17.00,20.00,1806.00,21.00,25.00,17.00,0,0,0,0,0,20.00,1806.00,21.00,25.00,17.00,0,453,4329
371,22.00,1927.00,21.00,25.00,17.00,22.00,1927.00,21.00,25.00,17.00,0,0,0,0,0,22.00,1927.00,21.00,25.00,17.00,0,430,4304
372,23.00,2024.00,21.00,25.00,18.00,23.00,2024.00,21.00,25.00,18.00,0,0,0,0,0,23.00,2024.00,21.00,25.00,18.00,0,452,4322
373,25.00,2148.00,21.00,24.00,19.00,25.00,2148.00,21.00,24.00,19.00,0,0,0,0,0,25.00,2148.00,21.00,24.00,19.00,0,449,4315
374,26.00,2239.00,20.00,21.00,20.00,26.00,2239.00,20.00,21.00,20.00,0,0,0,0,0,26.00,2239.00,20.00,21.00,20.00,0,442,4325
375,28.00,2334.00,21.00,23.00,19.00,28.00,2334.00,21.00,23.00,19.00,0,0,0,0,0,28.00,2334.00,21.00,23.00,19.00,0,441,4311
376,28.00,2404.00,22.00,23.00,3.00,28.00,2404.00,22.00,23.00,3.00,0,0,0,0,0,28.00,2404.00,22.00,23.00,3.00,0,450,4331
377,29.00,1672.00,23.00,29.00,14.00,29.00,1672.00,23.00,29.00,14.00,0,0,0,0,0,29.00,1672.00,23.00,29.00,14.00,0,442,4308
378,30.00,1639.00,23.00,30.00,14.00,30.00,1639.00,23.00,30.00,14.00,0,0,0,0,0,30.00,1639.00,23.00,30.00,14.00,0,452,4328
379,32.00,1590.00,23.00,30.00,14.00,32.00,1590.00,23.00,30.00,14.00,0,0,0,0,0,32.00,1590.00,23.00,30.00,14.00,0,452,4316
380,33.00,1671.00,22.00,30.00,15.00,33.00,1671.00,22.00,30.00,15.00,0,0,0,0,0,33.00,1671.00,22.00,30.00,15.00,0,443,4320
381,35.00,1721.00,21.00,27.00,16.00,35.00,1721.00,21.00,27.00,16.00,0,0,0,0,0,35.00,1721.00,21.00,27.00,16.00,0,444,4321
382,35.00,1715.00,13.00,10.00,9.00,35.00,1715.00,13.00,10.00,9.00,0,0,0,0,0,35.00,1715.00,13.00,10.00,9.00,0,453,4322
383,34.00,1675.00,13.00,7.00,-5.00,34.00,1675.00,13.00,7.00,-5.00,0,0,0,0,0,34.00,1675.00,13.00,7.00,-5.00,0,454,4309
384,34.00,1660.00,13.00,7.00,-6.00,34.00,1660.00,13.00,7.00,-6.00,0,0,0,0,0,34.00,1660.00,13.00,7.00,-6.00,0,429,4326
385,33.00,1638.00,12.00,7.00,-6.00,33.00,1638.00,12.00,7.00,-6.00,0,0,0,0,0,33.00,1638.00,12.00,7.00,-6.00,0,443,4319
386,31.00,1553.00,12.00,7.00,-9.00,31.00,1553.00,12.00,7.00,-9.00,0,0,0,0,0,31.00,1553.00,12.00,7.00,-9.00,0,453,4325
387,30.00,1456.00,12.00,6.00,-9.00,30.00,1456.00,12.00,6.00,-9.00,0,0,0,0,0,30.00,1456.00,12.00,6.00,-9.00,0,442,4327
388,29.00,1442.00,12.00,6.00,-9.00,29.00,1442.00,12.00,6.00,-9.00,0,0,0,0,0,29.00,1442.00,12.00,6.00,-9.00,0,443,4316
389,30.00,1455.00,13.00,5.00,29.00,30.00,1455.00,13.00,5.00,29.00,0,0,0,0,0,30.00,1455.00,13.00,5.00,29.00,0,431,4313
390,31.00,1496.00,16.00,12.00,15.00,31.00,1496.00,16.00,12.00,15.00,0,0,0,0,0,31.00,1496.00,16.00,12.00,15.00,0,453,4330
391,32.00,1551.00,16.00,15.00,16.00,32.00,1551.00,16.00,15.00,16.00,0,0,0,0,0,32.00,1551.00,16.00,15.00,16.00,0,443,4319
392,32.00,1596.00,16.00,14.00,15.00,32.00,1596.00,16.00,14.00,15.00,0,0,0,0,0,32.00,1596.00,16.00,14.00,15.00,0,453,4329
393,34.00,1606.00,12.00,11.00,2.00,34.00,1606.00,12.00,11.00,2.00,0,0,0,0,0,34.00,1606.00,12.00,11.00,2.00,0,456,4324
394,32.00,1591.00,13.00,7.00,-7.00,32.00,1591.00,13.00,7.00,-7.00,0,0,0,0,0,32.00,1591.00,13.00,7.00,-7.00,0,443,4334
395,31.00,1539.00,12.00,7.00,-9.00,31.00,1539.00,12.00,7.00,-9.00,0,0,0,0,0,31.00,1539.00,12.00,7.00,-9.00,0,442,4338
396,30.00,1478.00,12.00,7.00,-9.00,30.00,1478.00,12.00,7.00,-9.00,0,0,0,0,0,30.00,1478.00,12.00,7.00,-9.00,0,451,4329
397,27.00,1314.00,12.00,6.00,-10.00,27.00,1314.00,12.00,6.00,-10.00,0,0,0,0,0,27.00,1314.00,12.00,6.00,-10.00,0,442,4319
398,24.00,1215.00,12.00,6.00,3.00,24.00,1215.00,12.00,6.00,3.00,0,0,0,0,0,24.00,1215.00,12.00,6.00,3.00,0,454,4330
399,21.00,1531.00,13.00,7.00,8.00,21.00,1531.00,13.00,7.00,8.00,0,0,0,0,0,21.00,1531.00,13.00,7.00,8.00,0,441,4321
400,21.00,1543.00,13.00,7.00,7.00,21.00,1543.00,13.00,7.00,7.00,0,0,0,0,0,21.00,1543.00,13.00,7.00,7.00,0,456,4320
401,20.00,1387.00,12.00,6.00,-3.00,20.00,1387.00,12.00,6.00,-3.00,0,0,0,0,0,20.00,1387.00,12.00,6.00,-3.00,0,445,4331
402,19.00,1208.00,12.00,6.00,-4.00,19.00,1208.00,12.00,6.00,-4.00,0,0,0,0,0,19.00,1208.00,12.00,6.00,-4.00,0,455,4329
403,16.00,1023.00,12.00,6.00,0.00,16.00,1023.00,12.00,6.00,0.00,0,0,0,0,0,16.00,1023.00,12.00,6.00,0.00,0,455,4331
404,13.00,907.00,12.00,8.00,5.00,13.00,907.00,12.00,8.00,5.00,0,0,0,0,0,13.00,907.00,12.00,8.00,5.00,0,443,4327
405,11.00,854.00,13.00,11.00,-4.00,11.00,854.00,13.00,11.00,-4.00,0,0,0,0,0,11.00,854.00,13.00,11.00,-4.00,0,455,4328
406,10.00,828.00,15.00,12.00,-6.00,10.00,828.00,15.00,12.00,-6.00,0,0,0,0,0,10.00,828.00,15.00,12.00,-6.00,0,458,4325
407,10.00,842.00,14.00,13.00,-9.00,10.00,842.00,14.00,13.00,-9.00,0,0,0,0,0,10.00,842.00,14.00,13.00,-9.00,0,442,4334
408,8.00,831.00,15.00,15.00,2.00,8.00,831.00,15.00,15.00,2.00,0,0,0,0,0,8.00,831.00,15.00,15.00,2.00,0,447,4338
409,8.00,847.00,15.00,18.00,-6.00,8.00,847.00,15.00,18.00,-6.00,0,0,0,0,0,8.00,847.00,15.00,18.00,-6.00,0,443,4317
410,9.00,877.00,14.00,16.00,-4.00,9.00,877.00,14.00,16.00,-4.00,0,0,0,0,0,9.00,877.00,14.00,16.00,-4.00,0,454,4328
411,10.00,1070.00,17.00,25.00,-3.00,10.00,1070.00,17.00,25.00,-3.00,0,0,0,0,0,10.00,1070.00,17.00,25.00,-3.00,0,455,4321
412,11.00,1211.00,20.00,26.00,11.00,11.00,1211.00,20.00,26.00,11.00,0,0,0,0,0,11.00,1211.00,20.00,26.00,11.00,0,438,4317
413,12.00,1270.00,20.00,25.00,12.00,12.00,1270.00,20.00,25.00,12.00,0,0,0,0,0,12.00,1270.00,20.00,25.00,12.00,0,455,4326
414,14.00,1394.00,21.00,28.00,14.00,14.00,1394.00,21.00,28.00,14.00,0,0,0,0,0,14.00,1394.00,21.00,28.00,14.00,0,455,4329
415,16.00,1534.00,20.00,25.00,15.00,16.00,1534.00,20.00,25.00,15.00,0,0,0,0,0,16.00,1534.00,20.00,25.00,15.00,0,454,4320
416,18.00,1628.00,19.00,23.00,16.00,18.00,1628.00,19.00,23.00,16.00,0,0,0,0,0,18.00,1628.00,19.00,23.00,16.00,0,442,4327
417,20.00,1717.00,18.00,21.00,18.00,20.00,1717.00,18.00,21.00,18.00,0,0,0,0,0,20.00,1717.00,18.00,21.00,18.00,0,446,4321
418,20.00,1760.00,18.00,20.00,18.00,20.00,1760.00,18.00,20.00,18.00,0,0,0,0,0,20.00,1760.00,18.00,20.00,18.00,0,453,4328
419,21.00,1817.00,17.00,18.00,18.00,21.00,1817.00,17.00,18.00,18.00,0,0,0,0,0,21.00,1817.00,17.00,18.00,18.00,0,448,4327
420,22.00,1850.00,17.00,18.00,18.00,22.00,1850.00,17.00,18.00,18.00,0,0,0,0,0,22.00,1850.00,17.00,18.00,18.00,0,444,4328
421,22.00,1864.00,17.00,17.00,18.00,22.00,1864.00,17.00,17.00,18.00,0,0,0,0,0,22.00,1864.00,17.00,17.00,18.00,0,446,4324
422,22.00,1858.00,17.00,15.00,12.00,22.00,1858.00,17.00,15.00,12.00,0,0,0,0,0,22.00,1858.00,17.00,15.00,12.00,0,450,4329
423,21.00,1645.00,13.00,9.00,-4.00,21.00,1645.00,13.00,9.00,-4.00,0,0,0,0,0,21.00,1645.00,13.00,9.00,-4.00,0,448,4323
424,20.00,1507.00,13.00,8.00,28.00,20.00,1507.00,13.00,8.00,28.00,0,0,0,0,0,20.00,1507.00,13.00,8.00,28.00,0,455,4310
425,18.00,1372.00,12.00,7.00,0.00,18.00,1372.00,12.00,7.00,0.00,0,0,0,0,0,18.00,1372.00,12.00,7.00,0.00,0,460,4319
426,17.00,1343.00,14.00,11.00,1.00,17.00,1343.00,14.00,11.00,1.00,0,0,0,0,0,17.00,1343.00,14.00,11.00,1.00,0,443,4340
427,15.00,1248.00,14.00,9.00,2.00,15.00,1248.00,14.00,9.00,2.00,0,0,0,0,0,15.00,1248.00,14.00,9.00,2.00,0,450,4341
428,14.00,1049.00,13.00,9.00,-3.00,14.00,1049.00,13.00,9.00,-3.00,0,0,0,0,0,14.00,1049.00,13.00,9.00,-3.00,0,454,4328
429,12.00,1061.00,16.00,23.00,-9.00,12.00,1061.00,16.00,23.00,-9.00,0,0,0,0,0,12.00,1061.00,16.00,23.00,-9.00,0,457,4321
430,12.00,1202.00,18.00,26.00,3.00,12.00,1202.00,18.00,26.00,3.00,0,0,0,0,0,12.00,1202.00,18.00,26.00,3.00,0,454,4331
431,12.00,1243.00,18.00,22.00,12.00,12.00,1243.00,18.00,22.00,12.00,0,0,0,0,0,12.00,1243.00,18.00,22.00,12.00,0,446,4321
432,13.00,1351.00,21.00,27.00,12.00,13.00,1351.00,21.00,27.00,12.00,0,0,0,0,0,13.00,1351.00,21.00,27.00,12.00,0,451,4318
433,16.00,1510.00,20.00,25.00,15.00,16.00,1510.00,20.00,25.00,15.00,0,0,0,0,0,16.00,1510.00,20.00,25.00,15.00,0,448,4329
434,18.00,1600.00,20.00,24.00,15.00,18.00,1600.00,20.00,24.00,15.00,0,0,0,0,0,18.00,1600.00,20.00,24.00,15.00,0,441,4330
435,19.00,1717.00,20.00,24.00,17.00,19.00,1717.00,20.00,24.00,17.00,0,0,0,0,0,19.00,1717.00,20.00,24.00,17.00,0,462,4321
436,20.00,1807.00,20.00,25.00,17.00,20.00,1807.00,20.00,25.00,17.00,0,0,0,0,0,20.00,1807.00,20.00,25.00,17.00,0,443,4336
437,19.00,1748.00,21.00,26.00,16.00,19.00,1748.00,21.00,26.00,16.00,0,0,0,0,0,19.00,1748.00,21.00,26.00,16.00,0,449,4305
438,19.00,1732.00,21.00,26.00,16.00,19.00,1732.00,21.00,26.00,16.00,0,0,0,0,0,19.00,1732.00,21.00,26.00,16.00,0,454,4324
439,18.00,1673.00,21.00,26.00,15.00,18.00,1673.00,21.00,26.00,15.00,0,0,0,0,0,18.00,1673.00,21.00,26.00,15.00,0,437,4325
440,17.00,1611.00,21.00,26.00,15.00,17.00,1611.00,21.00,26.00,15.00,0,0,0,0,0,17.00,1611.00,21.00,26.00,15.00,0,442,4323
441,16.00,1490.00,17.00,24.00,-6.00,16.00,1490.00,17.00,24.00,-6.00,0,0,0,0,0,16.00,1490.00,17.00,24.00,-6.00,0,456,4314
442,14.00,1192.00,13.00,10.00,0.00,14.00,1192.00,13.00,10.00,0.00,0,0,0,0,0,14.00,1192.00,13.00,10.00,0.00,0,454,4326
443,13.00,972.00,13.00,9.00,-5.00,13.00,972.00,13.00,9.00,-5.00,0,0,0,0,0,13.00,972.00,13.00,9.00,-5.00,0,444,4344
444,12.00,896.00,13.00,9.00,-2.00,12.00,896.00,13.00,9.00,-2.00,0,0,0,0,0,12.00,896.00,13.00,9.00,-2.00,0,452,4323
445,11.00,858.00,14.00,10.00,0.00,11.00,858.00,14.00,10.00,0.00,0,0,0,0,0,11.00,858.00,14.00,10.00,0.00,0,458,4315
446,12.00,1111.00,16.00,19.00,3.00,12.00,1111.00,16.00,19.00,3.00,0,0,0,0,0,12.00,1111.00,16.00,19.00,3.00,0,444,4325
447,12.00,1145.00,16.00,17.00,12.00,12.00,1145.00,16.00,17.00,12.00,0,0,0,0,0,12.00,1145.00,16.00,17.00,12.00,0,442,4334
448,13.00,1169.00,16.00,17.00,13.00,13.00,1169.00,16.00,17.00,13.00,0,0,0,0,0,13.00,1169.00,16.00,17.00,13.00,0,459,4317
449,13.00,1207.00,16.00,17.00,14.00,13.00,1207.00,16.00,17.00,14.00,0,0,0,0,0,13.00,1207.00,16.00,17.00,14.00,0,434,4329
450,14.00,1183.00,14.00,16.00,-2.00,14.00,1183.00,14.00,16.00,-2.00,0,0,0,0,0,14.00,1183.00,14.00,16.00,-2.00,0,456,4319
451,13.00,966.00,13.00,9.00,0.00,13.00,966.00,13.00,9.00,0.00,0,0,0,0,0,13.00,966.00,13.00,9.00,0.00,0,459,4318
452,12.00,888.00,12.00,10.00,0.00,12.00,888.00,12.00,10.00,0.00,0,0,0,0,0,12.00,888.00,12.00,10.00,0.00,0,451,4327
453,11.00,859.00,12.00,10.00,0.00,11.00,859.00,12.00,10.00,0.00,0,0,0,0,0,11.00,859.00,12.00,10.00,0.00,0,446,4338
454,10.00,847.00,13.00,10.00,-3.00,10.00,847.00,13.00,10.00,-3.00,0,0,0,0,0,10.00,847.00,13.00,10.00,-3.00,0,459,4324
455,10.00,837.00,14.00,12.00,-8.00,10.00,837.00,14.00,12.00,-8.00,0,0,0,0,0,10.00,837.00,14.00,12.00,-8.00,0,456,4326
456,9.00,832.00,14.00,16.00,-4.00,9.00,832.00,14.00,16.00,-4.00,0,0,0,0,0,9.00,832.00,14.00,16.00,-4.00,0,446,4323
457,8.00,846.00,15.00,19.00,-11.00,8.00,846.00,15.00,19.00,-11.00,0,0,0,0,0,8.00,846.00,15.00,19.00,-11.00,0,446,4325
458,7.00,865.00,16.00,21.00,-12.00,7.00,865.00,16.00,21.00,-12.00,0,0,0,0,0,7.00,865.00,16.00,21.00,-12.00,0,457,4325
459,5.00,867.00,19.00,25.00,-13.00,5.00,867.00,19.00,25.00,-13.00,0,0,0,0,0,5.00,867.00,19.00,25.00,-13.00,0,445,4336
460,3.00,926.00,20.00,26.00,-13.00,3.00,926.00,20.00,26.00,-13.00,0,0,0,0,0,3.00,926.00,20.00,26.00,-13.00,0,446,4316
461,1.00,966.00,20.00,27.00,-21.00,1.00,966.00,20.00,27.00,-21.00,0,0,0,0,0,1.00,966.00,20.00,27.00,-21.00,0,456,4314
462,0.00,950.00,14.00,26.00,-18.00,0.00,950.00,14.00,26.00,-18.00,0,0,0,0,0,0.00,950.00,14.00,26.00,-18.00,0,449,4242
463,0.00,942.00,17.00,21.00,-11.00,0.00,942.00,17.00,21.00,-11.00,0,0,0,0,0,0.00,942.00,17.00,21.00,-11.00,0,447,4246
464,1.00,972.00,17.00,26.00,-15.00,1.00,972.00,17.00,26.00,-15.00,0,0,0,0,0,1.00,972.00,17.00,26.00,-15.00,0,452,4315
465,2.00,960.00,15.00,22.00,-8.00,2.00,960.00,15.00,22.00,-8.00,0,0,0,0,0,2.00,960.00,15.00,22.00,-8.00,0,443,4317
466,3.00,920.00,18.00,24.00,-12.00,3.00,920.00,18.00,24.00,-12.00,0,0,0,0,0,3.00,920.00,18.00,24.00,-12.00,0,444,4318
467,2.00,934.00,20.00,27.00,-14.00,2.00,934.00,20.00,27.00,-14.00,0,0,0,0,0,2.00,934.00,20.00,27.00,-14.00,0,442,4310
468,2.00,943.00,19.00,27.00,-13.00,2.00,943.00,19.00,27.00,-13.00,0,0,0,0,0,2.00,943.00,19.00,27.00,-13.00,0,454,4319
469,1.00,936.00,16.00,27.00,-11.00,1.00,936.00,16.00,27.00,-11.00,0,0,0,0,0,1.00,936.00,16.00,27.00,-11.00,0,454,4315
470,0.00,981.00,17.00,25.00,-9.00,0.00,981.00,17.00,25.00,-9.00,0,0,0,0,0,0.00,981.00,17.00,25.00,-9.00,0,451,4239
471,0.00,1023.00,10.00,14.00,-9.00,0.00,1023.00,10.00,14.00,-9.00,0,0,0,0,0,0.00,1023.00,10.00,14.00,-9.00,0,453,4241
