speed,rpm,tp,load,timing,y_speed,y_rpm,y_tp,y_load,y_timing
0.0000000000000000,981.9999999999998863,15.0000000000000000,16.0000000000000000,4.0000000000000000,0.0000000000000000,0.0000000000000000,0.0000000000000000,0.0000000000000000,-36.0000000000000000
0.0000000000000000,981.0000000000000000,15.0000000000000000,16.0000000000000000,5.0000000000000000,0.0000000000000000,0.0000000000000000,0.0000000000000000,0.0000000000000000,-36.0000000000000000
0.0000000000000000,976.9999999999998863,15.0000000000000000,16.0000000000000000,4.0000000000000000,0.0000000000000000,409.6357710250411515,7.2743791093131263,7.7565384377463324,-25.7603294150911211
0.0000000000000000,976.9999999999998863,15.0000000000000000,16.0000000000000000,5.0000000000000000,0.0000000000000000,596.5940894881550776,10.0702913919940009,10.7391895398709067,-19.4489161832221171
0.0000000000000000,974.0000000000000000,15.0000000000000000,16.0000000000000000,6.0000000000000000,0.0000000000000000,709.7888502377118130,11.6118299462211620,12.3840428794639159,-14.9398516647579491
0.0000000000000000,978.0000000000000000,15.0000000000000000,16.0000000000000000,6.0000000000000000,0.0000000000000000,769.2825524344208361,12.4228234797324451,13.2494685668966845,-11.3600808988048101
0.0000000000000000,979.0000000000000000,15.0000000000000000,16.0000000000000000,4.0000000000000000,0.0000000000000000,775.0718477586747213,12.5183846214557004,13.3514005229453883,-8.6662596294973859
0.0000000000000000,983.0000000000000000,15.0000000000000000,16.0000000000000000,6.0000000000000000,0.0000000000000000,844.7293482423494879,13.4013663491452490,14.2937583196804603,-6.7625736559333163
0.0000000000000000,981.0000000000000000,15.0000000000000000,16.0000000000000000,3.0000000000000000,0.0000000000000000,810.6889460075528859,12.9762474697473529,13.8400016568886848,-5.0953383538533039
0.0000000000000000,976.9999999999998863,15.0000000000000000,16.0000000000000000,4.0000000000000000,0.0000000000000000,852.4721007768041545,13.4741975020407452,14.3714457746460447,-4.1732657711764531
0.0000000000000000,980.0000000000001137,15.0000000000000000,16.0000000000000000,6.0000000000000000,0.0000000000000000,907.9074045551574272,14.1594679993904222,15.1028541911114313,-3.1148549715059630
0.0000000000000000,452.6099769661287837,8.6097050180823924,9.3211999661486935,-1.0223310630613867,0.0000000000000000,452.6099769661287837,8.6097050180823924,9.3211999661486935,-1.0223310630613867
0.0000000000000000,934.0000000000000000,20.0000000000000000,26.0000000000000000,-15.0000000000000000,0.0000000000000000,541.5408963546409495,9.4420327099045789,9.9059247448173444,0.0711015316707631
0.0000000000000000,980.0000000000001137,18.0000000000000000,27.0000000000000000,-14.0000000000000000,0.0000000000000000,617.0668045190261637,11.7290420202241581,12.4422203547950314,-1.1412943103713147
0.0000000000000000,975.0000000000001137,19.0000000000000000,21.0000000000000000,-18.0000000000000000,0.0000000000000000,559.9775906585892926,11.3980043058152436,13.6798370123587816,-3.6941606479990980
0.0000000000000000,1108.8061747819353968,13.8908541111069823,22.6025920743609561,6.5129134003368776,0.0000000000000000,1108.8061747819353968,13.8908541111069823,22.6025920743609561,6.5129134003368776
3.0000000000000000,924.0000000000000000,82.0000000000000000,34.0000000000000000,-16.0000000000000000,0.0000000000000000,1121.2694286140661006,13.8871068162996369,22.4019599949519481,5.7760951491208559
3.0000000000000000,926.0000000000000000,21.0000000000000000,32.0000000000000000,-11.9999999999999964,0.2251740714562328,790.0929789749906149,25.0718802522192981,16.1263518338726861,-6.5231045346809857
3.9999999999999996,889.0000000000000000,19.0000000000000000,28.0000000000000000,-15.0000000000000000,0.5822275008024516,712.6328615394046437,22.4739977140097338,16.4621256376171914,-8.8218743719007051
5.0000000000000000,938.0000000000000000,18.0000000000000000,22.0000000000000000,-13.0000000000000000,0.8082710018661631,715.0901786472531967,20.2641022396507999,18.2895164378735444,-8.6927892982427473
3.9999999999999996,880.0000000000000000,18.0000000000000000,24.0000000000000000,-10.0000000000000000,1.1800378437882721,808.9774179313258173,20.2050247104590248,18.1243051892696272,-10.5280673812493539
3.0000000000000000,898.0000000000000000,19.0000000000000000,27.0000000000000000,-11.0000000000000000,1.5897871447406884,827.2142073815997492,21.3327019125931230,18.8484020412063700,-9.7256204093759635
1.9999999999999998,909.0000000000000000,21.0000000000000000,29.0000000000000000,-10.0000000000000000,1.8175932638576351,880.3157252319837198,21.9718495315758098,20.0151263132833783,-9.2731212555159175
0.0000000000000000,914.0000000000000000,19.0000000000000000,27.0000000000000000,-19.0000000000000000,1.8852580279323943,676.3990099277415311,20.8377882482888062,19.1868463875691475,-9.3435406466624933
0.0000000000000000,960.0000000000001137,19.0000000000000000,28.0000000000000000,-11.9999999999999964,1.6667787916265746,845.8870734716821289,21.6359597086649522,21.4864629596238110,-9.1209741850932140
0.9999999999999999,971.0000000000000000,21.0000000000000000,31.0000000000000000,-15.0000000000000000,1.6156526350678870,842.7227343970330367,22.6684062191583031,22.4593586167500767,-8.9836949966049104
1.9999999999999998,966.9999999999998863,17.0000000000000000,26.0000000000000000,-8.0000000000000000,1.3443929812034521,917.1723212758128057,20.7940139353962081,23.1173297091537577,-10.1156715523569964
3.0000000000000000,921.0000000000000000,19.0000000000000000,24.0000000000000000,-9.0000000000000000,1.3250812675064794,887.2686029315009364,19.2787823160323697,22.8118211995506677,-10.9002371367216142
1.9999999999999998,926.9999999999998863,23.0000000000000000,30.0000000000000000,-13.0000000000000000,1.6730832645690237,900.0225244736545847,21.4378885751619777,23.2771705416945522,-10.2759818003049119
1.9999999999999998,958.0000000000000000,32.0000000000000000,34.0000000000000000,-15.0000000000000000,1.8761385645658224,947.6065881718276387,23.4234357008669285,25.6719281862270421,-8.9952487250363333
1.9999999999999998,950.0000000000000000,29.0000000000000000,34.0000000000000000,-16.0000000000000000,1.8828456842595507,918.2566939777223070,24.5563139981524472,25.9411020468556437,-10.2696703905711040
1.9999999999999998,971.9999999999998863,51.0000000000000000,34.0000000000000000,-16.0000000000000000,1.9467332598396665,1007.4273483706200523,25.3992459883333659,31.1658440170259148,-8.5313488207372679
0.9999999999999999,918.0000000000000000,18.0000000000000000,28.0000000000000000,-9.0000000000000000,1.6527410799022226,937.8475818827186004,23.6821671886858951,24.0730488023138420,-12.5442407506313671
0.0000000000000000,965.0000000000001137,17.0000000000000000,27.0000000000000000,-3.0000000000000000,1.5674406069806812,1034.2674427180938892,22.1507081071342959,25.2473823085237967,-10.8347181243788917
0.0000000000000000,941.9999999999998863,19.0000000000000000,25.0000000000000000,-23.0000000000000000,1.5197394308443346,628.7553720203867442,23.9362249310818456,25.0802155594191056,-10.5063060874649139
0.9999999999999999,936.9999999999998863,20.0000000000000000,27.0000000000000000,-17.0000000000000000,1.2919604162939295,796.8281908480225866,23.2529521164048312,25.3221470394003063,-11.8608564786857293
5.0000000000000000,1047.0000000000000000,21.0000000000000000,33.0000000000000000,-16.0000000000000000,1.4810596098369029,919.4887492868842855,27.9075764835716598,28.5907862691171069,-9.7458371581528489
7.9999999999999991,1381.0000000000000000,19.0000000000000000,27.0000000000000000,6.0000000000000000,1.6168297214808547,1221.2754111713252314,24.9960774516509048,37.0687399829349715,-1.6206738615019631
10.0000000000000000,1541.0000000000000000,18.0000000000000000,22.0000000000000000,15.0000000000000000,4.1054355271618865,1374.0212687118705617,20.0625860552130959,36.7832923560683938,6.4437597323726052
11.0000000000000000,1713.0000000000000000,20.0000000000000000,23.0000000000000000,17.0000000000000000,7.1757918667082317,1513.7311909416594062,20.8665639595119856,35.6378699744407825,15.5993103826031358
12.0000000000000000,1911.0000000000000000,20.0000000000000000,23.0000000000000000,18.0000000000000000,9.4873057782221704,1612.3362454374378103,21.9686725289890497,36.1995703168092291,22.7548637648245915
11.4228092096827663,1710.9243619335716176,20.6887654972210591,34.5108467348681742,25.6314173945745836,11.4228092096827663,1710.9243619335716176,20.6887654972210591,34.5108467348681742,25.6314173945745836
12.1893497075347845,1740.8717741712980569,20.5581895682488458,35.3010860466890861,29.3358947862686250,12.1893497075347845,1740.8717741712980569,20.5581895682488458,35.3010860466890861,29.3358947862686250
15.0000000000000018,1986.0000000000000000,14.0000000000000000,11.0000000000000000,10.0000000000000000,11.9657586143349768,1391.7283266948779783,14.8892599848236742,32.2578597211900373,26.3249160228248016
15.0000000000000018,1259.0000000000000000,13.0000000000000000,7.0000000000000000,19.0000000000000000,8.9682317973538499,1711.9092881841615963,5.7422699775048445,14.5176417376594866,0.8906368202668276
14.0000000000000000,1006.9999999999998863,14.0000000000000000,11.0000000000000000,2.0000000000000000,7.6197452544647728,1249.9092112026139603,11.0656508651196770,9.2419314857984318,-2.5294416965881794
14.0000000000000000,924.0000000000000000,13.0000000000000000,12.0000000000000000,-5.0000000000000000,6.6721960301525147,1063.2427673838537885,12.1875380087460137,8.4415080699004612,-3.8832613475399498
14.0000000000000000,1255.0000000000000000,16.0000000000000000,22.0000000000000000,-5.0000000000000000,5.9888356926489346,1165.2779271633864937,19.9571767714337476,16.2995284311057418,3.5776805005943899
13.0000000000000000,1453.0000000000000000,16.0000000000000000,16.0000000000000000,15.0000000000000000,12.3842392319572081,1543.9227627013790425,16.2569550600356649,18.6784883030072208,8.1633272408986315
13.0000000000000000,1493.0000000000000000,16.0000000000000000,16.0000000000000000,17.0000000000000000,13.0288882113842934,1574.2308710690208500,16.3785655968625576,18.6171289842085237,10.0454428629294199
13.0000000000000000,1219.0000000000000000,14.0000000000000000,12.0000000000000000,5.0000000000000000,10.3697227154317897,1245.0302877948251989,12.6300739454953241,14.2971877933259535,3.6887372485234167
13.0000000000000000,986.9999999999998863,14.0000000000000000,12.0000000000000000,2.0000000000000000,9.2288541992341404,1177.6823020538745368,12.1331488313493949,10.1057744130148013,-2.7793049413582551
14.0000000000000000,931.0000000000000000,13.0000000000000000,14.0000000000000000,-1.0000000000000000,8.4344093370653539,1128.7842864479111995,13.5927337798228169,8.8707239924832137,-3.6597953470995535
15.9999999999999982,916.9999999999998863,14.0000000000000000,13.0000000000000000,-3.0000000000000000,8.5729117348053201,1058.3210594761812899,12.8194218985857091,9.3317515799473050,-1.9455510144778358
18.0000000000000000,981.9999999999998863,12.0000000000000000,13.0000000000000000,-8.0000000000000000,7.3612704662977420,913.9828109821144153,13.1752250972028300,10.4108387348545861,0.5635422267993349
19.0000000000000000,939.0000000000000000,12.0000000000000000,8.9999999999999982,-6.0000000000000000,9.1564894739091223,933.5918785618747506,10.2545779439053302,9.6649979948776288,-1.3810941925694067
19.0000000000000000,936.9999999999998863,12.0000000000000000,8.0000000000000000,-3.0000000000000000,10.9753125170590096,990.1151840412910587,10.1694610472988920,8.8270649743454594,-2.2755461631589000
20.0000000000000000,933.0000000000000000,12.0000000000000000,7.0000000000000000,-4.0000000000000000,11.6366402717181643,947.8235771839508743,9.9490909105582919,8.4181125926618154,-1.9654726295025711
20.0000000000000000,911.9999999999998863,11.0000000000000000,7.0000000000000000,-3.0000000000000000,12.6381498294565731,965.9079276175434643,10.3811185439455649,7.0434651610703636,-3.1386453472679392
17.0000000000000000,873.0000000000000000,13.0000000000000000,7.0000000000000000,-3.0000000000000000,13.6826031432293931,948.1217493175201980,9.9405902010974785,8.5223438972456549,-4.9401184959650237
14.0000000000000000,858.0000000000000000,14.0000000000000000,12.0000000000000000,-7.0000000000000036,10.4681778472663467,907.3349112164822827,12.8437555301095081,10.6254111728721163,-7.2559486122469465
12.0000000000000000,846.0000000000000000,14.0000000000000000,13.0000000000000000,-5.0000000000000000,11.1551559106536189,957.9930429075297980,13.3095574522585807,10.9030254744938055,-8.4781787967646878
10.0000000000000000,835.0000000000000000,14.0000000000000000,14.0000000000000000,-6.0000000000000000,10.3734678128744289,936.2200924346556121,13.5853234390536119,11.8989268649226094,-9.4716104688282066
11.0000000000000000,852.0000000000001137,14.0000000000000000,15.0000000000000000,-9.0000000000000000,8.5655546536002056,877.2181357994934388,14.3206171786058150,12.4933842751678572,-8.6394379270031294
12.0000000000000000,868.0000000000000000,14.0000000000000000,13.0000000000000000,-5.0000000000000000,11.3456637657198041,943.9149392470592375,13.4001446573500775,11.7837090379160490,-7.3884955820104850
12.0000000000000000,994.0000000000000000,19.0000000000000000,17.0000000000000000,-13.0000000000000000,7.1525786414148609,811.7855660747027287,15.6525125792755038,18.0652833412166380,-3.7198074651150463
14.0000000000000000,1281.0000000000000000,18.0000000000000000,25.0000000000000000,5.0000000000000000,11.8407737860921838,1359.8368619252248664,23.0421342191431613,18.3960161162291058,2.5784955532141325
15.0000000000000018,1424.0000000000000000,19.0000000000000000,25.0000000000000000,14.0000000000000000,16.3457064632132116,1543.2280061366507198,22.4980627163565430,20.3906515523828915,7.8799292497832667
17.0000000000000000,1483.0000000000000000,18.0000000000000000,21.0000000000000000,16.0000000000000000,18.2083138423794395,1517.7103949073446074,19.9384672532750464,20.6085799775316048,11.9921270399784063
18.0000000000000000,1574.0000000000002274,18.0000000000000000,20.0000000000000000,16.0000000000000000,18.5749611610189653,1505.3360950611865974,19.7473936335696045,21.6104965162850000,15.7877401101294623
19.0000000000000000,1618.0000000000000000,17.0000000000000000,17.9999999999999964,17.0000000000000000,19.4761738759624699,1513.9379972602912403,18.6604150921442056,20.9516088889071135,17.7650732266499247
20.0000000000000000,1665.0000000000000000,17.0000000000000000,16.0000000000000000,18.0000000000000000,20.6501932426351331,1535.2218485257703833,17.5078187320778191,20.5791167651409594,19.5687760492094611
20.0000000000000000,1685.0000000000000000,16.0000000000000000,16.0000000000000000,15.0000000000000000,19.1532028098774525,1485.5163328834767071,17.7885594442473653,19.5915984522027813,19.8979052427168028
21.0000000000000000,1668.0000000000000000,16.0000000000000000,14.0000000000000000,14.0000000000000000,19.7898544868662363,1477.3738882406614721,16.3586004034642585,18.0488612837289004,18.8363409197790759
21.0000000000000000,1639.0000000000002274,15.0000000000000000,12.0000000000000000,12.0000000000000071,19.9008496645786828,1440.2401076646724505,15.0160126974079340,16.0937702365909701,16.9850792937731185
20.0000000000000000,1323.0000000000000000,12.0000000000000000,7.0000000000000000,9.0000000000000000,19.5259065815881350,1349.0617840925117434,10.7336128189849873,11.0431085862440383,6.8135985967596753
18.0000000000000000,1126.0000000000000000,12.0000000000000000,8.0000000000000000,1.0000000000000000,15.8503939047018800,1142.1879861128522862,11.0398246960287914,9.4332853237159142,1.3839744788391926
17.0000000000000000,989.0000000000000000,12.0000000000000000,8.0000000000000000,-4.0000000000000000,13.9343145596609261,1012.5005183887924431,10.8195766177521655,8.3668040242355719,-2.6635244464503671
15.9999999999999982,924.0000000000000000,13.0000000000000000,8.9999999999999982,-3.0000000000000000,14.1670264704392199,1036.2753166936436173,11.0414560964822765,9.3685271725442529,-4.9121045285692624
15.0000000000000018,893.0000000000000000,12.0000000000000000,8.9999999999999982,-1.0000000000000000,14.6840707058070254,1063.1117299896727673,10.7507231173016038,9.2228982319291006,-5.8425214116357935
13.0000000000000000,872.0000000000001137,13.0000000000000000,10.0000000000000000,3.0000000000000000,16.0212856793673097,1143.4154518903219468,10.7203869927781881,11.5613967117982011,-6.7855575637867744
10.0000000000000000,841.0000000000000000,14.0000000000000000,12.0000000000000000,-9.0000000000000000,10.6253853585194449,837.7172986654733222,11.4087091214821506,12.8940364994638834,-8.0899610522955605
5.0000000000000000,778.0000000000000000,16.0000000000000000,19.0000000000000000,-11.0000000000000000,6.5613233433723206,827.7961511239859647,14.5301209669382381,16.9738395815521947,-11.7676253776337916
1.9999999999999998,896.9999999999998863,16.0000000000000000,17.9999999999999964,-9.0000000000000000,7.9622159614701102,796.2453296188062950,13.1396596510508523,20.8979065696745749,-10.5691604347047985
0.9999999999999999,870.0000000000000000,19.0000000000000000,21.0000000000000000,-10.0000000000000000,5.4678982322413150,837.0489008405633058,15.9131320715418809,22.4887329815654482,-10.5042261181040537
0.0000000000000000,948.0000000000000000,18.0000000000000000,26.0000000000000000,-7.0000000000000036,2.1331517720193456,969.0210150711175174,20.4626982125031454,22.6792152060580143,-8.8520106965990557
3.0000000000000000,945.0000000000000000,20.0000000000000000,27.0000000000000000,-11.9999999999999964,-0.5554181156899113,898.2019790849698211,20.6487498461471972,22.7500505736241863,-6.4258713043928601
5.0000000000000000,906.0000000000000000,30.0000000000000000,32.0000000000000000,-22.0000000000000000,-3.2803820368213672,800.2554353479184783,23.5147042764669862,30.3306334968482432,-6.5920179231487381
7.0000000000000000,926.9999999999998863,20.0000000000000000,30.0000000000000000,-19.0000000000000000,-1.2682710942844058,906.6472598693826512,26.7051065841401645,21.8587685791458881,-11.1040942200725112
9.0000000000000000,881.9999999999998863,18.0000000000000000,25.0000000000000000,-16.0000000000000000,3.6921599706244588,921.0236166275399228,20.9979027270802554,19.9067294776244559,-14.2242504582519693
7.9999999999999991,921.9999999999998863,15.0000000000000000,19.0000000000000000,-7.0000000000000036,7.5814339638317723,971.3716515607849260,16.2951157336545016,16.6307568498728493,-10.0115438558243888
7.0000000000000000,862.0000000000001137,18.0000000000000000,22.0000000000000000,-11.9999999999999964,5.8874215547908353,910.8849796713400337,17.8516364899592226,20.3540854321266593,-13.4599123528939018
6.0000000000000000,883.0000000000000000,19.0000000000000000,26.0000000000000000,-11.0000000000000000,4.3615229176332031,970.0909757498634463,20.4057325572863952,22.0298244271467816,-14.3918472861240971
6.0000000000000000,888.0000000000000000,20.0000000000000000,28.0000000000000000,-11.9999999999999964,3.9378236450018806,967.5319075314451993,21.4731113692013729,23.7495342752952183,-14.5213081814581813
7.0000000000000000,891.9999999999998863,20.0000000000000000,28.0000000000000000,-13.0000000000000000,4.3632180427009066,948.1293274194374590,21.3857282086343794,23.9956762966488171,-13.8933559796211625
15.6996138260207605,1301.8124645179418621,24.5072650434648729,89.6404184776448716,-18.0936403075900287,15.6996138260207605,1301.8124645179418621,24.5072650434648729,89.6404184776448716,-18.0936403075900287
10.0000000000000000,1047.0000000000000000,21.0000000000000000,31.0000000000000000,-11.9999999999999964,5.8390493715344318,1031.6870776667813061,24.0192110542220014,25.9426820314860436,-9.0357402653073891
12.0000000000000000,1225.0000000000000000,20.0000000000000000,28.0000000000000000,10.0000000000000000,10.0553966941393806,1444.2798858703183669,22.5814797357822385,20.2190865762281149,-1.7399236396828357
14.0000000000000000,1350.0000000000000000,21.0000000000000000,27.0000000000000000,11.0000000000000000,13.2523804864155235,1442.0347251802804749,21.8507975037818944,24.3237699751976173,4.9432302558328800
15.9999999999999982,1515.0000000000000000,22.0000000000000000,29.0000000000000000,14.0000000000000000,15.1095117876944762,1536.8653382917659656,23.9311468179258426,26.4415479694533282,11.4381936643527382
18.0000000000000000,1663.0000000000000000,23.0000000000000000,28.0000000000000000,15.0000000000000000,17.7694498332233550,1579.6054280298531012,24.3974560131742670,28.4732436175503771,17.8417487192674002
20.0000000000000000,1808.9999999999997726,22.0000000000000000,28.0000000000000000,16.0000000000000000,19.5466786907544119,1639.5022656382259356,25.3289583206033839,27.8463218349798751,23.0264230675656520
22.1188558185987496,1710.5589585102929959,23.8399574397690586,28.0938591068542749,26.4867697143263570,22.1188558185987496,1710.5589585102929959,23.8399574397690586,28.0938591068542749,26.4867697143263570
23.9570679158489988,1757.7431184028675943,23.8905527105653377,28.1106479802319953,30.7110185762502823,23.9570679158489988,1757.7431184028675943,23.8905527105653377,28.1106479802319953,30.7110185762502823
26.2132257316404313,1754.4248157892059226,21.8970856017378850,26.1212514615403002,34.5424841194871561,26.2132257316404313,1754.4248157892059226,21.8970856017378850,26.1212514615403002,34.5424841194871561
27.1626221667704186,1552.2300303046783938,18.5947883159853617,24.3364836516645120,34.5414886074914449,27.1626221667704186,1552.2300303046783938,18.5947883159853617,24.3364836516645120,34.5414886074914449
27.0049021409656334,1552.2300303046783938,18.5318959844491005,24.1859534746893310,34.1198592236374054,27.0049021409656334,1552.2300303046783938,18.5318959844491005,24.1859534746893310,34.1198592236374054
24.0000000000000000,1942.0000000000000000,14.0000000000000000,14.0000000000000000,3.0000000000000000,24.7341667073512497,1355.4219352472089213,17.8039415072607277,20.2378199079626455,30.7564069751544622
23.0000000000000000,1541.0000000000000000,12.0000000000000000,8.0000000000000000,-9.0000000000000000,20.5992176843461614,1195.2986901365798076,11.6758393987113500,13.2005280096301654,10.1195902687918107
22.0000000000000000,1496.0000000000000000,13.0000000000000000,7.0000000000000000,30.0000000000000000,23.1076703945748925,1993.5532332429004327,8.3800377335729266,8.2800891965108807,4.9926118466224310
21.0000000000000000,1361.0000000000000000,12.0000000000000000,6.0000000000000000,7.0000000000000000,19.9976871351809926,1357.8773632556869870,9.8198513499170481,8.9403527187196552,5.4005483079228256
20.0000000000000000,1276.0000000000000000,12.0000000000000000,6.0000000000000000,2.0000000000000000,18.7943627882075077,1252.6508305944728363,9.8421556280065232,8.8330727263997950,2.8810535429270203
19.0000000000000000,1084.0000000000000000,12.0000000000000000,6.0000000000000000,-1.0000000000000000,16.2234258890305512,1182.4734069098071814,9.2131814804486076,7.3876611555881189,-3.2825813815814442
17.0000000000000000,950.0000000000000000,12.0000000000000000,7.0000000000000000,-3.0000000000000000,14.2027285530928005,1103.6474194034412903,9.3426644984756084,7.2989978154750021,-7.6988003191545040
15.9999999999999982,919.0000000000000000,12.0000000000000000,7.0000000000000000,2.0000000000000000,14.3613971333946377,1145.2549124901140658,9.3543699272708007,6.7678437104927163,-8.4201529014200744
15.9999999999999982,1286.0000000000000000,20.0000000000000000,24.0000000000000000,-18.0000000000000000,12.9745252200910244,1065.7584091605633603,21.0448251029548459,22.3072229825100941,-0.9279028709549806
17.0000000000000000,1543.0000000000000000,21.0000000000000000,28.0000000000000000,6.0000000000000000,17.3167039180168771,1547.3540498290742562,24.5930355133075906,22.0824978828283349,2.5866763609152486
19.0000000000000000,1721.0000000000000000,23.0000000000000000,29.0000000000000000,12.9999999999999929,20.1282256320889950,1726.7594114426854048,25.3379152811550554,24.9281425319958210,8.5771645185410037
21.0000000000000000,1875.0000000000000000,23.0000000000000000,29.0000000000000000,16.0000000000000000,22.1671113491334175,1818.5482751751546857,25.6369028426732228,25.8219506682363082,14.5765232914859624
22.0000000000000000,1983.0000000000000000,24.0000000000000000,28.0000000000000000,16.0000000000000000,23.9995796832161581,1848.5566872678818982,25.0770322643942940,28.1415018175208402,18.5589257143755120
25.0000000000000000,2186.0000000000000000,25.0000000000000000,27.0000000000000000,17.0000000000000000,27.0333078181213153,1953.9615711984092741,25.3940123160540097,29.5711256726270157,24.9785362732139902
27.0000000000000000,2311.0000000000000000,24.0000000000000000,27.0000000000000000,18.0000000000000000,28.1787263553759431,2047.7706586541225988,25.9805727518438587,28.0869371360471973,27.6703323010606468
28.0000000000000000,1762.0000000000000000,23.0000000000000000,26.0000000000000000,14.0000000000000000,20.6469824550457943,2027.4666263136400630,23.1087164774904146,20.2588356815255288,10.0138126817910091
30.0000000000000036,1660.0000000000000000,25.0000000000000000,32.0000000000000000,12.9999999999999929,18.3092227160145455,2117.7578911339637671,26.1592825054792755,20.8941991239833662,5.8913177406710417
30.0000000000000036,1592.9999999999997726,25.0000000000000000,33.0000000000000000,12.9999999999999929,19.0073414846849928,2053.2412309248625206,26.2279891629176518,21.9419955380993379,5.0194628106141508
31.9999999999999964,1582.9999999999997726,25.0000000000000000,34.0000000000000000,12.9999999999999929,20.3790579766548205,2032.1097511344498798,26.6447598530743726,22.5455759389335242,6.4095734660929296
31.9999999999999964,1638.0000000000000000,25.0000000000000000,33.0000000000000000,12.9999999999999929,22.9998785950637696,1949.3370869416849018,26.0295995541759204,24.8918050516833667,9.4083879664996175
33.0000000000000000,1678.0000000000000000,25.0000000000000000,33.0000000000000000,12.9999999999999929,24.5679046832785950,1921.0071191562001331,26.0958991935354234,25.9719030743574244,11.3551183004822605
34.0000000000000000,1711.0000000000000000,25.0000000000000000,33.0000000000000000,12.9999999999999929,25.8946502330764474,1902.1026077060712396,26.1274630293568819,26.8418158678701175,12.7898184309827414
34.0000000000000000,1742.0000000000000000,25.0000000000000000,33.0000000000000000,12.9999999999999929,27.1002598736387696,1874.8699925162870841,26.0980857113919384,27.9257261541288777,13.6728637559857020
35.0000000000000000,1763.9999999999997726,25.0000000000000000,32.0000000000000000,12.9999999999999929,28.2058568669443481,1863.9429691148686743,25.5682445332748536,28.4428887510474766,14.6629880288850245
35.0000000000000000,1767.0000000000000000,25.0000000000000000,33.0000000000000000,12.9999999999999929,28.7849150915145486,1858.1912564351591755,26.0259906037287330,28.9325325650173077,14.3333068108665742
36.0000000000000000,1754.0000000000002274,25.0000000000000000,32.0000000000000000,12.9999999999999929,29.4341037890885175,1852.6000711417323146,25.3539014135212923,29.0841260741312233,14.2699597817662607
36.0000000000000000,1775.0000000000000000,24.0000000000000000,32.0000000000000000,12.9999999999999929,29.9301953815420987,1833.5771339079919926,25.3999360360404580,28.4315392542211818,14.7463893673555404
36.0000000000000000,1788.0000000000000000,25.0000000000000000,32.0000000000000000,14.0000000000000000,31.1447435758011437,1852.9697979713787390,25.2866782756067607,30.0476349608108642,14.8448594545197423
37.0000000000000000,1811.0000000000000000,25.0000000000000000,32.0000000000000000,15.0000000000000000,32.0084070448757458,1878.0536731335939749,25.3784179239423686,30.1321487752882859,15.6325783349054888
37.0000000000000000,1828.0000000000000000,24.0000000000000000,31.0000000000000000,15.0000000000000000,32.3912924603445234,1856.5659663366946006,24.8912393999088160,29.2947574035533265,16.2854195538418836
37.0000000000000000,1843.0000000000000000,24.0000000000000000,30.0000000000000000,15.0000000000000000,33.0447514764126851,1845.9952931756499765,24.3380846742479804,29.5986414444028441,16.7561129763036121
38.0000000000000000,1856.0000000000000000,24.0000000000000000,30.0000000000000000,15.0000000000000000,33.5311386189237837,1857.3093618025282012,24.3712460324195668,29.5504168359262067,17.1459876008328465
38.0000000000000000,1861.0000000000000000,24.0000000000000000,31.0000000000000000,15.0000000000000000,33.8924879946481497,1864.4714597493243673,24.8691698885376979,29.6394186019591324,16.8412263058033957
38.0000000000000000,1862.0000000000000000,24.0000000000000000,30.0000000000000000,15.0000000000000000,34.3660400717163270,1856.7641902605980704,24.2562980578278733,29.7987312138184279,16.8559148659776454
38.0000000000000000,1868.9999999999997726,24.0000000000000000,31.0000000000000000,15.0000000000000000,34.6667115389423728,1864.6500565446717701,24.7800992700874403,29.8723499540393753,16.6627208812212046
38.0000000000000000,1866.0000000000000000,24.0000000000000000,30.0000000000000000,15.0000000000000000,35.0246838900970943,1857.7947985902808341,24.1637868268016298,29.9681054475699931,16.5920442931769330
38.0000000000000000,1876.0000000000000000,24.0000000000000000,30.0000000000000000,15.0000000000000000,35.3941611932254716,1858.6426876277109841,24.1898149880861872,30.0459697615559627,16.7065941395362998
39.0000000000000000,1897.0000000000000000,24.0000000000000000,30.0000000000000000,15.0000000000000000,35.8579827207021893,1872.2109128140662051,24.2598360077616100,30.0273544978183970,17.2864648663977079
39.0000000000000000,1920.0000000000002274,24.0000000000000000,30.0000000000000000,15.0000000000000000,36.4096231504547490,1874.9267827131247941,24.3290472343765281,30.1959111721050029,17.6792081603089670
40.0000000000000000,1958.9999999999997726,24.0000000000000000,29.0000000000000000,15.0000000000000000,37.2326620959390695,1884.9131250068712689,23.9279888954783040,30.2925926485683696,18.7796243202097344
41.0000000000000000,1484.0000000000000000,22.0000000000000000,29.0000000000000000,12.9999999999999929,30.5692653189753329,1854.2033781229033593,21.8944219329541951,24.3639629998094662,5.3774706857853261
40.0000000000000000,1444.0000000000000000,14.0000000000000000,17.0000000000000000,-2.0000000000000000,25.6707000630751594,1307.5140149963688145,15.2841472376559473,17.0753588415705693,7.7580728526000726
39.0000000000000000,1424.0000000000000000,13.0000000000000000,7.0000000000000000,-8.0000000000000000,27.9062599085125775,1157.1474058937535574,9.1160239123173685,16.1598742684758783,3.5913274432020685
38.0000000000000000,1395.0000000000000000,12.0000000000000000,6.0000000000000000,-9.0000000000000000,31.6766015790858759,1233.9273138503667724,10.4510451976561765,11.2387600958993836,-2.6319669402761292
38.0000000000000000,1367.0000000000000000,12.0000000000000000,6.0000000000000000,-9.0000000000000000,32.9876402088792844,1287.3720914856203308,10.8520977885558558,9.6158027797080958,-5.4132680347114253
38.0000000000000000,1348.0000000000000000,12.0000000000000000,6.0000000000000000,-9.0000000000000000,33.7072409969338977,1308.3960853411656444,11.0575290728885545,8.7496673395543443,-6.7919108406169180
37.0000000000000000,1347.0000000000000000,12.0000000000000000,6.0000000000000000,-9.0000000000000000,34.5179036657468004,1298.3997942838077506,11.2156000183347313,8.5378249560018329,-7.1478383961048664
37.0000000000000000,1337.0000000000000000,12.0000000000000000,6.0000000000000000,-9.0000000000000000,34.6898566234258396,1307.2854125123189988,11.3039828821487056,8.1207334861029548,-7.7156396271060501
36.0000000000000000,1300.0000000000000000,12.0000000000000000,6.0000000000000000,-9.0000000000000000,34.0726478480503943,1292.9225093968466354,11.1476307856410912,8.2243877009593280,-8.5960762367970638
33.0000000000000000,1621.0000000000000000,13.0000000000000000,6.0000000000000000,-7.0000000000000036,43.1213041147960823,1281.6545157803907387,12.9024321827427411,10.5436256786932159,-0.7248967011266245
30.0000000000000036,1470.0000000000000000,12.0000000000000000,7.0000000000000000,-9.0000000000000000,36.1637532060250564,1216.6485805316583537,12.3881986522571488,8.7783288957488015,-5.0472415580034244
25.0000000000000000,1243.0000000000000000,12.0000000000000000,6.0000000000000000,18.0000000000000000,36.7332233516361271,1748.4725443390216242,9.1904715435049837,22.5071205138165418,-10.0031941061527654
19.0000000000000000,1168.0000000000000000,12.0000000000000000,8.0000000000000000,0.0000000000000000,26.5980987915604352,1033.8654478356982054,10.9449872586521728,13.5929849167788586,-6.0227010449197529
17.0000000000000000,950.0000000000000000,12.0000000000000000,7.0000000000000000,-7.0000000000000036,21.4744329926484419,934.2497883198138879,9.3122613739726443,14.0749373191239489,-10.3294685305453662
15.0000000000000018,913.0000000000000000,13.0000000000000000,8.0000000000000000,14.0000000000000000,15.7690303347312248,1144.1485222836677167,10.9020950295733936,14.9138154970852952,-9.5748898952226860
15.9999999999999982,1412.0000000000000000,17.0000000000000000,21.0000000000000000,-3.0000000000000000,30.1436744336623903,1020.8950555777682894,17.1682605736723524,22.0282356364203835,9.9274567357894412
18.0000000000000000,1551.0000000000000000,18.0000000000000000,17.9999999999999964,15.0000000000000000,30.5081059573475386,1292.6262100579024263,18.4142641590884253,19.9710529308326592,9.9732762720681052
19.0000000000000000,1676.0000000000000000,17.0000000000000000,19.0000000000000000,17.0000000000000000,30.7515541348206440,1370.6402866987123161,19.3957712931070247,16.6968541462312245,12.7179627108630271
21.0000000000000000,1788.0000000000000000,18.0000000000000000,17.9999999999999964,18.0000000000000000,32.0863186568644991,1512.3405826430412162,18.9703506202659860,18.5849292002112811,17.3746409776785171
23.0000000000000000,1913.0000000000000000,18.0000000000000000,19.0000000000000000,18.0000000000000000,32.9445028814377423,1601.0071494816793347,19.6387826564148895,17.8442973598123160,19.7053224477062727
24.0000000000000000,2000.0000000000002274,18.0000000000000000,17.9999999999999964,19.0000000000000000,33.2089850673886033,1680.6719325673864205,19.2855982595001763,17.7024299953404167,21.2773598357519447
25.0000000000000000,2068.0000000000000000,17.0000000000000000,17.0000000000000000,18.0000000000000000,32.5086411139555835,1707.0801857818723875,18.7528634530734344,15.8155133275137842,21.0180758557845593
25.0000000000000000,2140.0000000000000000,19.0000000000000000,20.0000000000000000,20.0000000000000000,32.6239699132570138,1831.7092320946619566,19.8004474384459748,19.4997196608866155,23.7354332789196718
27.0000000000000000,2304.0000000000000000,21.0000000000000000,22.0000000000000000,20.0000000000000000,36.3351723460380853,1931.7587822282562229,20.8611286791990622,22.8243039891098540,28.0006288306346960
29.0000000000000000,2134.0000000000000000,19.0000000000000000,20.0000000000000000,11.0000000000000000,33.5248331957631862,1774.9920338465208260,19.2067097451093858,19.8878497488250652,19.7890043925450243
30.0000000000000036,1620.0000000000000000,20.0000000000000000,25.0000000000000000,15.0000000000000000,22.9867430271393474,1938.1278155683546629,21.0828161364214921,20.7399420236956189,8.2912817653593436
31.0000000000000036,1577.0000000000000000,20.0000000000000000,23.0000000000000000,15.0000000000000000,25.0513274275940070,1906.4874683991135953,20.1400338903360812,21.3131620923657223,8.8580814854099543
33.0000000000000000,1647.0000000000000000,21.0000000000000000,27.0000000000000000,15.0000000000000000,26.4791805855920899,1902.4241561936769358,21.9750005690078503,22.9572327390489583,11.5075279142085023
34.0000000000000000,1676.0000000000000000,21.0000000000000000,27.0000000000000000,15.0000000000000000,28.0068680854754177,1867.3632788519503265,21.9265506066482700,23.3698192007281165,12.4805532817401073
36.0000000000000000,1753.0000000000000000,21.0000000000000000,26.0000000000000000,16.0000000000000000,29.7567596006108310,1889.7876591476176600,21.8663464318811798,23.1663875569230733,13.7508246542446457
37.0000000000000000,1823.0000000000000000,22.0000000000000000,27.0000000000000000,16.0000000000000000,32.7267129001087227,1901.2370042047086827,22.3356271764614327,25.1101977754065580,16.4684809191533432
39.0000000000000000,1896.0000000000000000,23.0000000000000000,28.0000000000000000,15.0000000000000000,35.8558833310729099,1909.4023886315253549,22.9052809882784167,26.8438317053370525,18.5490195201484269
40.0000000000000000,1511.0000000000000000,25.0000000000000000,33.0000000000000000,12.0000000000000071,36.9846314709515127,1850.4164029421258419,23.6626117319430023,32.9766423839492404,14.1530885520803977
42.0000000000000000,1581.0000000000000000,30.0000000000000000,40.0000000000000000,8.0000000000000000,48.7911835032352172,1683.1000063713568125,26.6843259716819219,42.9946765618257984,20.8466168471746300
44.0000000000000000,1643.0000000000000000,32.0000000000000000,43.0000000000000000,7.0000000000000000,48.7715086068067052,1614.2530731368885881,29.7563110278684917,44.6457524361271609,17.6016361579097733
47.0000000000000000,1718.0000000000000000,32.0000000000000000,42.0000000000000000,8.0000000000000000,47.3099682979545761,1702.2929359649651815,30.7411742802893002,43.1232576956138161,14.8305701751111769
49.0000000000000000,1759.0000000000002274,31.0000000000000000,40.0000000000000000,9.0000000000000000,46.1590418781921557,1764.2287482016874947,30.5135447329380050,40.4741075283580258,13.1243555559823903
51.0000000000000000,1832.0000000000000000,29.0000000000000000,35.9999999999999929,11.0000000000000000,44.5036784606112832,1857.3909370456517536,29.1663081212305997,36.0858239576939184,12.7833550819808011
52.0000000000000000,1415.0000000000000000,29.0000000000000000,38.0000000000000000,6.0000000000000000,42.7450661220517389,1690.1050704133806448,29.1791601264253231,37.9033593344304904,0.7938217719857406
54.0000000000000000,1485.0000000000000000,41.0000000000000000,49.0000000000000000,5.0000000000000000,66.8926993556390954,1762.4878416179672058,34.8146981057070448,59.1233741151645091,9.3971769929510103
54.9999999999999929,1527.0000000000000000,30.0000000000000000,45.0000000000000000,7.0000000000000000,44.3939027672424800,1587.5550554229382669,34.7970831218501147,37.6937577617919146,5.2511330851871207
56.0000000000000000,1541.0000000000000000,28.0000000000000000,41.0000000000000000,9.0000000000000000,44.4232825922382943,1661.5869323647325473,31.7221096939145220,37.0715718166939965,5.4339700850451109
56.9999999999999929,1571.0000000000000000,28.0000000000000000,38.0000000000000000,11.0000000000000000,44.8991265078932358,1739.9016261768613276,29.2774323732286170,38.4183174610475646,6.7010721396345971
56.9999999999999929,1580.0000000000000000,29.0000000000000000,38.0000000000000000,11.0000000000000000,46.8698478883224610,1721.1544578206057849,28.9678095118008159,39.5272187107642026,7.9320129487327691
58.0000000000000000,1616.0000000000000000,29.0000000000000000,40.0000000000000000,9.0000000000000000,49.6604296662557161,1602.6335621522568999,30.3701655328585858,39.0035062192246897,9.8584744209371067
59.0000000000000000,1633.0000000000000000,30.0000000000000000,40.0000000000000000,9.0000000000000000,51.1147783167771124,1632.0887925563540648,30.2234994313528489,40.5260942184415640,10.0214182692881835
60.0000000000000071,1665.0000000000000000,30.0000000000000000,40.0000000000000000,9.0000000000000000,52.1183781044318195,1635.1594638192541424,30.3330839672187551,40.3907588443413701,10.6782577320046386
61.0000000000000000,1674.0000000000002274,28.0000000000000000,39.0000000000000000,9.0000000000000000,51.4427989133493213,1612.1326755313109516,29.7324724425533020,37.8106960901971263,10.6103767453428546
61.0000000000000000,1672.0000000000000000,18.0000000000000000,23.0000000000000000,0.0000000000000000,36.0222772793805177,1381.6234632789073657,19.7929159595574049,24.7813171819289977,8.0177107119342566
60.0000000000000071,1591.0000000000000000,13.0000000000000000,7.0000000000000000,-1.0000000000000000,24.2343840519415537,1739.0556859323392018,8.1945415529873138,17.4173865420353096,-3.1005005528151131
58.0000000000000000,1540.0000000000000000,13.0000000000000000,6.0000000000000000,-7.0000000000000036,45.3803640852511165,1453.5212439516083123,10.3064048634441559,12.1122557783990690,-2.8441053598172843
54.9999999999999929,1487.0000000000000000,12.0000000000000000,6.0000000000000000,-9.0000000000000000,49.6369929341652281,1388.4572170091103089,11.1077365413392783,8.4192286800246485,-5.5100037081185604
53.0000000000000000,1419.0000000000000000,12.0000000000000000,6.0000000000000000,-9.0000000000000000,47.9116800444511881,1400.0345866594664130,11.0150622459687302,8.5297647718106102,-7.8679652269127729
49.0000000000000000,1456.0000000000000000,12.0000000000000000,6.0000000000000000,-9.0000000000000000,50.8784748037985537,1369.7260848602768419,11.1896559778953737,7.6842132509716627,-6.2622708925001476
45.0000000000000000,1621.0000000000000000,13.0000000000000000,7.0000000000000000,-7.0000000000000036,57.1318064414737989,1411.5865720588519707,12.3650772199897077,7.5631648960324087,-1.1511692330847652
41.0000000000000000,1817.0000000000000000,13.0000000000000000,7.0000000000000000,-4.0000000000000000,59.3835774837287715,1503.5669406099398202,13.2227878015901084,5.7486459418815983,3.6378641084662249
37.0000000000000000,1830.0000000000000000,13.0000000000000000,7.0000000000000000,-3.0000000000000000,54.0132116436124363,1557.3170128457122701,12.9849048195942611,6.4443550462984556,2.7026082569558412
35.0000000000000000,1737.0000000000000000,16.0000000000000000,10.0000000000000000,3.0000000000000000,47.3872987758066060,1806.4318411079409543,13.8454248521564995,14.2656148381350114,0.6075427932821356
35.0000000000000000,1691.0000000000000000,15.0000000000000000,12.0000000000000000,12.9999999999999929,30.6037172825208152,1984.1383761907095504,14.9121298739883557,14.8142711048053339,1.2719431897065832
34.0000000000000000,1669.0000000000002274,16.0000000000000000,12.0000000000000000,14.0000000000000000,32.6331731692303535,1953.7601396185937119,14.7956250576792048,15.8352128730443393,2.5388957130025247
33.0000000000000000,1636.0000000000000000,14.0000000000000000,12.0000000000000000,0.0000000000000000,41.1045290939565149,1433.9857133240600433,14.8354514385540330,10.1833909311654303,3.3757430946486835
31.9999999999999964,1592.9999999999997726,13.0000000000000000,7.0000000000000000,-7.0000000000000036,44.7545865967280179,1403.7287840440585569,11.8714591866692007,8.5891127849411202,0.3820994483216751
31.0000000000000036,1532.0000000000000000,12.0000000000000000,7.0000000000000000,-9.0000000000000000,40.6925191932714725,1322.8686130216985930,11.7930131878888300,6.9010903112929594,-2.0963709299514832
30.0000000000000036,1458.0000000000000000,12.0000000000000000,7.0000000000000000,-9.0000000000000000,37.4669523324114948,1340.2541713916052686,11.4522755215743590,7.7507437456127013,-4.3924875275697310
28.0000000000000000,1396.0000000000000000,13.0000000000000000,7.0000000000000000,31.0000000000000000,12.8462216567005054,2287.8742581676906411,11.0337111624323754,14.3159262525501401,-5.9485271510263189
28.0000000000000000,1403.0000000000000000,13.0000000000000000,8.0000000000000000,28.0000000000000000,25.2216230394037595,1657.1567436605425883,12.9728103899104621,8.8578000900380882,0.6808715989911533
28.0000000000000000,1376.0000000000000000,14.0000000000000000,8.9999999999999982,25.0000000000000000,28.3733964806572985,1605.6386155032555507,13.2423495527364832,10.8752274546789174,5.9955074750975541
27.0000000000000000,1354.0000000000000000,15.0000000000000000,10.0000000000000000,8.0000000000000000,34.3344452717399449,1548.0943203540141440,13.0465147173131832,13.8724369009152060,12.2878426380201162
27.0000000000000000,1327.0000000000000000,14.0000000000000000,12.0000000000000000,20.0000000000000000,26.8136717081120324,1330.7389231562733585,14.6502252235472330,10.7914309593387436,3.2763515358357296
27.0000000000000000,1312.0000000000000000,14.0000000000000000,12.0000000000000000,17.0000000000000000,27.4301238503440921,1319.5895907729850478,14.3413479448171195,11.3568472080097180,4.3908722600908021
27.0000000000000000,1320.0000000000000000,16.0000000000000000,17.0000000000000000,12.0000000000000071,30.7233547931915112,1235.2712354215514097,16.4991212899207049,15.6137832855274663,5.4956357576611623
27.0000000000000000,1334.0000000000000000,16.0000000000000000,16.0000000000000000,14.0000000000000000,30.2879979914670443,1309.1586598239505292,16.1046484123846376,15.5112746140170437,8.1736109246183588
27.0000000000000000,1351.0000000000000000,16.0000000000000000,16.0000000000000000,15.0000000000000000,29.9229384822777185,1315.8433909667330681,16.2027201585286740,15.3545811462636319,9.0290864683438841
28.0000000000000000,1359.0000000000000000,16.0000000000000000,16.0000000000000000,15.0000000000000000,29.7408252658529335,1330.2763649829139467,16.2504685007142378,15.3209053164002285,8.9927721563470797
28.0000000000000000,1374.0000000000000000,16.0000000000000000,17.0000000000000000,15.0000000000000000,29.3826666344205520,1277.5427264856145939,16.7569799183411696,15.2626223379865404,8.1214552091503975
28.0000000000000000,1382.0000000000000000,16.0000000000000000,16.0000000000000000,15.0000000000000000,29.7967440944136008,1343.8801928033490185,16.2361406819138878,15.3687880339256999,10.6200769714434387
28.0000000000000000,1392.0000000000000000,16.0000000000000000,16.0000000000000000,15.0000000000000000,29.7874979140352494,1347.7215121688918771,16.2523610504780862,15.3449086802353136,11.2227209675252482
29.0000000000000000,1409.0000000000000000,15.0000000000000000,16.0000000000000000,15.0000000000000000,27.8809891089697039,1256.5633420620674769,16.3398829121856899,13.2343973456880146,6.7735584635345987
29.0000000000000000,1419.0000000000000000,15.0000000000000000,16.0000000000000000,15.0000000000000000,28.2823255936424687,1279.9954449276874584,16.2560960139844397,13.3999336264384059,8.4176850800842686
29.0000000000000000,1413.0000000000000000,15.0000000000000000,16.0000000000000000,15.0000000000000000,28.3108085903523907,1299.8054061447303411,16.1182476723485557,13.6839813937723402,9.3298923440021326
29.0000000000000000,1408.0000000000000000,15.0000000000000000,16.0000000000000000,15.0000000000000000,28.3349873497599454,1314.9183050174733580,15.9992202699001798,13.9304155142314201,10.0059641618838739
28.0000000000000000,1404.0000000000000000,15.0000000000000000,17.0000000000000000,15.0000000000000000,27.9732072376088077,1271.2267868889950932,16.2951981405274857,14.2006363378264204,10.9319543684554077
28.0000000000000000,1407.0000000000000000,16.0000000000000000,17.9999999999999964,15.0000000000000000,29.4075871170160390,1326.2859933116635602,16.6276338235374759,16.3622717475658881,13.6260161972268321
29.0000000000000000,1423.0000000000000000,17.0000000000000000,20.0000000000000000,15.0000000000000000,30.4918213194776833,1345.8279823293894424,17.5798550029492553,18.2640942650831590,14.8431170871968163
29.0000000000000000,1449.0000000000000000,17.0000000000000000,21.0000000000000000,15.0000000000000000,30.2654904430282308,1319.5166150591071528,18.0390772466573033,18.2323362446884367,15.4134864956213704
30.0000000000000036,1462.0000000000000000,17.0000000000000000,21.0000000000000000,15.0000000000000000,30.2264968980519626,1354.4003772036055580,18.0131888180398292,18.3141654644185898,14.8044614382138846
31.0000000000000036,1499.0000000000000000,17.0000000000000000,21.0000000000000000,16.0000000000000000,30.4646175780733088,1396.1450408743583012,18.1266756550868280,18.1298946617810088,15.1491121354628859
31.0000000000000036,1527.0000000000000000,19.0000000000000000,22.0000000000000000,15.0000000000000000,34.8293714977223132,1483.0098527237823873,18.4506310321808691,22.3266973750874378,20.1944647759074627
31.9999999999999964,1574.0000000000002274,20.0000000000000000,25.0000000000000000,15.0000000000000000,35.5456001143974589,1480.4247186672866974,20.0130575750926631,23.8499477899640020,21.2424096960623672
33.0000000000000000,1632.0000000000000000,20.0000000000000000,25.0000000000000000,15.0000000000000000,35.8891316690482967,1511.8804896996348361,20.2855230178588322,23.5181263262746043,21.2660770391839478
34.0000000000000000,1673.0000000000000000,19.0000000000000000,24.0000000000000000,16.0000000000000000,34.2484054350439564,1520.8334885787760413,20.0743383770705712,21.1672751851906753,18.9717544125002675
35.0000000000000000,1723.0000000000000000,19.0000000000000000,23.0000000000000000,17.0000000000000000,35.3670873077406540,1590.6045589981633839,19.7849833464019902,20.9943307864249888,19.7376227143061982
36.0000000000000000,1770.0000000000000000,19.0000000000000000,22.0000000000000000,18.0000000000000000,36.4335968289176222,1650.7988709131877840,19.5499034737486532,20.7457599703497593,20.6357044940025105
37.0000000000000000,1813.9999999999997726,19.0000000000000000,22.0000000000000000,17.0000000000000000,37.3408175721644540,1668.7069122794659961,19.6287313599403426,20.6109933396637608,20.6342939137979684
38.0000000000000000,1872.0000000000000000,24.0000000000000000,27.0000000000000000,15.0000000000000000,46.2245467030762782,1798.9303679671950249,21.5998990787205294,31.3358306100632760,31.9439409638428344
40.0000000000000000,1451.0000000000000000,23.0000000000000000,30.0000000000000000,12.0000000000000071,33.7025909546526492,1738.5025503309516353,22.2944994933858389,29.7328092387439114,8.3154094876776909
42.0000000000000000,1572.9999999999997726,25.0000000000000000,32.0000000000000000,12.9999999999999929,40.2144075011609203,1754.1252717704467159,24.0503112444132654,32.7697122845486817,14.9932853759116185
44.0000000000000000,1646.0000000000000000,25.0000000000000000,33.0000000000000000,12.9999999999999929,41.2191351853449461,1707.7749510079509037,25.2096954798776274,31.8492836119276355,15.1048321240605148
47.0000000000000000,1712.0000000000000000,25.0000000000000000,32.0000000000000000,12.9999999999999929,43.2243237979969734,1762.7348825658143596,25.2051169106660566,31.4100075716799552,15.1690530504264984
49.0000000000000000,1761.0000000000000000,25.0000000000000000,32.0000000000000000,12.9999999999999929,44.5977029846472917,1778.9676061553705040,25.4953607751882281,31.0469477285461330,14.9203572482952467
51.0000000000000000,1835.0000000000000000,25.0000000000000000,32.0000000000000000,14.0000000000000000,46.1091112998896691,1817.1042422114671808,25.7985748152400554,30.6133515104235521,15.5266455679911957
53.0000000000000000,1906.0000000000000000,25.0000000000000000,32.0000000000000000,-7.0000000000000036,55.2277531637011734,1543.3990148313878308,25.2138426460300735,31.3267926812267419,16.0372873970997318
54.9999999999999929,1526.0000000000000000,25.0000000000000000,34.0000000000000000,12.0000000000000071,42.3691957479059340,1874.5421766243011916,26.0572479944006226,32.5122714060711573,-8.0775110003774273
56.0000000000000000,1555.0000000000000000,25.0000000000000000,34.0000000000000000,12.0000000000000071,45.8245040714994119,1732.4645739027162108,25.6446686397556078,33.1186420594625091,0.4336108285944533
58.0000000000000000,1579.0000000000002274,25.0000000000000000,34.0000000000000000,12.0000000000000071,47.9996057117453248,1679.7252982314987548,25.5921233592327226,33.2707570787077955,3.5651513864850770
58.0000000000000000,1609.0000000000002274,25.0000000000000000,34.0000000000000000,12.0000000000000071,49.8057212521774773,1647.0119254923804419,25.5194215024566908,33.2953916440368261,6.7647193771687526
60.0000000000000071,1634.0000000000002274,25.0000000000000000,34.0000000000000000,12.0000000000000071,51.1050059990359458,1640.5598127108160043,25.5590896484051875,33.3230559896490135,7.7961208481462307
61.0000000000000000,1670.0000000000000000,25.0000000000000000,34.0000000000000000,12.9999999999999929,52.2757623921133714,1646.2420131136100281,25.6205012739605458,33.2258697894579456,9.2930122392620191
61.0000000000000000,1686.0000000000000000,25.0000000000000000,34.0000000000000000,12.9999999999999929,53.5483587820073339,1652.1922430946076474,25.5555859301580348,33.2878742278943349,10.5337640387779174
62.0000000000000071,1697.0000000000000000,21.0000000000000000,26.0000000000000000,15.0000000000000000,43.0793981477934906,1644.0240903410774536,21.6407109511410027,26.2571208435207240,8.9149653708861933
62.0000000000000071,1705.0000000000000000,23.0000000000000000,28.0000000000000000,15.0000000000000000,47.6452044545435598,1807.6375174883185082,22.4004925826198509,29.6540558807791790,13.7138038933424298
62.0000000000000071,1707.0000000000000000,23.0000000000000000,29.0000000000000000,15.0000000000000000,50.4759834422152949,1717.9617763260828269,23.0677185268912091,29.2618314713046139,13.3133782906545903
62.0000000000000071,1716.0000000000000000,23.0000000000000000,30.0000000000000000,15.0000000000000000,52.5839588691049542,1653.7611562914792103,23.5929121849074583,29.1399615424865033,13.0017757532596292
63.0000000000000000,1717.0000000000000000,23.0000000000000000,29.0000000000000000,15.0000000000000000,52.3367144928216845,1729.0033734469088813,22.9969007043278175,29.3154857520554692,14.1428187727500685
63.0000000000000000,1670.0000000000000000,15.0000000000000000,23.0000000000000000,-5.0000000000000000,50.6394837408294194,917.9961918567796602,19.4486271758802367,15.4988941198134764,5.4803300454160606
61.0000000000000000,1640.0000000000000000,13.0000000000000000,7.0000000000000000,-6.0000000000000000,26.6013673735402669,1617.9333299300210456,7.6195375637008658,17.5850106778065509,15.1222151988627900
59.0000000000000000,1589.0000000000002274,13.0000000000000000,7.0000000000000000,-7.0000000000000036,50.8883585472493323,1599.2536192965098962,10.9838678997700292,12.9501464000811417,-1.4891365996943549
56.9999999999999929,1529.0000000000000000,12.0000000000000000,7.0000000000000000,-9.0000000000000000,52.7652977161813297,1490.4787447102385158,11.3956293716403554,9.7041829100979271,-6.1323241575622696
54.0000000000000000,1456.0000000000000000,12.0000000000000000,6.0000000000000000,-5.0000000000000000,48.1119172328680591,1541.2103642238839711,11.1124059523042504,9.6278958285918854,-7.2410063103206781
51.0000000000000000,1371.0000000000000000,12.0000000000000000,5.0000000000000000,-6.0000000000000000,46.8457946863450871,1498.4475700589039207,10.4745966801804880,9.8765735242792996,-7.1023400803680872
47.0000000000000000,1256.0000000000000000,12.0000000000000000,6.0000000000000000,-3.0000000000000000,41.0164357786779092,1429.2213496277374816,10.9132986080888390,10.3526387962086943,-7.8080166189465849
40.0000000000000000,1296.0000000000000000,12.0000000000000000,7.0000000000000000,-9.0000000000000000,47.4859270560574771,1218.8646624852538025,10.8014799029402386,10.4074243956216055,-4.2512721446539707
34.0000000000000000,1245.0000000000000000,12.0000000000000000,6.0000000000000000,-9.0000000000000000,44.6168347429560797,1182.8097693787440221,10.2651713217998548,10.7548689423075263,-3.8513230267292897
28.0000000000000000,1111.0000000000000000,12.0000000000000000,6.0000000000000000,-9.0000000000000000,37.0164457458959930,1128.9026741595807835,9.8896762595757881,11.7782904128208994,-5.7267379340097122
21.0000000000000000,985.0000000000001137,14.0000000000000000,8.0000000000000000,-4.0000000000000000,26.7780293085506038,1152.7807398619224841,10.6943533952443968,17.2206748002424028,-4.2411696110970958
17.0000000000000000,964.0000000000000000,11.0000000000000000,7.0000000000000000,-3.0000000000000000,24.2953339083602593,935.3218339428668742,11.1912531807412936,8.8513264915168435,-7.9296298409878574
15.0000000000000018,1416.0000000000000000,21.0000000000000000,29.0000000000000000,-6.0000000000000000,55.1028543481630777,862.8993526153609537,20.0954671582121804,22.2707920529619976,15.9328302689005241
18.0000000000000000,1650.0000000000000000,22.0000000000000000,29.0000000000000000,12.0000000000000071,50.3536202509557143,1322.5882962004950514,24.0540508269192408,23.2820631702141903,7.0105735965302571
20.0000000000000000,1833.9999999999997726,25.0000000000000000,32.0000000000000000,14.0000000000000000,49.0860988411448176,1627.0280877516897817,25.3684271054407517,30.3188875499593493,15.5052296323607521
22.0000000000000000,1988.0000000000000000,25.0000000000000000,33.0000000000000000,14.0000000000000000,51.6163903738355074,1677.6189575783985219,26.3597863443222167,28.9983189205277334,15.5319671240607207
24.0000000000000000,2139.0000000000000000,26.0000000000000000,32.0000000000000000,15.0000000000000000,51.2474398112941287,1877.5386742400287403,26.4487918644691575,30.8868488923257978,18.3402022302700018
26.0000000000000000,2323.0000000000000000,27.0000000000000000,33.0000000000000000,15.0000000000000000,50.7833676440595951,2011.9660381928031256,27.4908759921887942,31.6970414146187949,19.9101866045846450
29.0000000000000000,2440.0000000000000000,27.0000000000000000,32.0000000000000000,-7.0000000000000036,36.5046750319649789,2074.9229273460819059,24.7546288814239546,35.1439687757614649,19.1927309707185927
30.0000000000000036,1715.0000000000000000,26.0000000000000000,35.9999999999999929,11.0000000000000000,25.9818583255028628,1930.9029076733672809,25.0817933328723939,36.0590862224982160,13.3969080725858660
31.0000000000000036,1671.0000000000000000,29.0000000000000000,35.9999999999999929,11.0000000000000000,26.1345268479807942,2299.0252524585434912,25.0386341459239183,43.6091042778618601,23.5700116679932705
31.9999999999999964,1626.0000000000000000,29.0000000000000000,38.0000000000000000,11.0000000000000000,25.7621067003255888,2110.5968605408356780,26.3725595923733387,40.8723521552072242,17.1442560863719038
34.0000000000000000,1695.0000000000000000,29.0000000000000000,35.9999999999999929,11.0000000000000000,31.1473149417066679,2108.0024498616776327,26.4566768476672465,39.3729802556767652,16.1732787114752483
35.0000000000000000,1756.0000000000000000,29.0000000000000000,35.9999999999999929,11.0000000000000000,32.6134156413113061,2047.4262712064044081,27.0991773526068620,38.1700105731644612,15.1228648662598388
36.0000000000000000,1788.9999999999997726,29.0000000000000000,35.9999999999999929,11.0000000000000000,33.4494066712018778,2009.5778120794141159,27.4943725813668181,37.5249698905220086,14.6032338381311675
37.0000000000000000,1830.0000000000000000,28.0000000000000000,35.0000000000000000,12.0000000000000071,34.9434925257260076,1927.9580989760640932,27.4763896910598042,35.2176718801006672,13.0302692950586234
38.0000000000000000,1860.0000000000000000,27.0000000000000000,33.0000000000000000,12.0000000000000071,36.8311677576693555,1894.0839078801889173,26.7365656058768089,33.2281618874986435,12.0761998727452635
39.0000000000000000,1895.0000000000000000,27.0000000000000000,32.0000000000000000,12.0000000000000071,38.6059177137291414,1928.3838349029633719,26.4445513132889509,32.9613985095968332,12.5645940274829186
39.0000000000000000,1917.0000000000000000,27.0000000000000000,32.0000000000000000,12.0000000000000071,38.8589726832299434,1925.1689823906885977,26.5733711794689249,32.7686763176545881,12.6006326409043510
40.0000000000000000,1943.0000000000000000,27.0000000000000000,31.0000000000000000,12.9999999999999929,41.0330497505614531,1967.6180401439030447,26.3492683006649884,32.4561927224287530,12.9954197337256687
40.0000000000000000,1982.0000000000000000,26.0000000000000000,30.0000000000000000,12.9999999999999929,41.3460611756932437,1904.3252661127755800,26.0941771506126159,30.3964491165068260,11.8500914443454590
42.0000000000000000,2038.9999999999997726,26.0000000000000000,30.0000000000000000,12.9999999999999929,41.7542918049928389,1919.9237150377859962,26.3334773145104251,29.9153313452317988,12.5326281680755542
43.0000000000000000,1546.0000000000000000,25.0000000000000000,32.0000000000000000,11.0000000000000000,31.9489866810927126,1759.6463914693210882,25.2892702310904838,30.6040238044648660,8.7309811459618132
44.0000000000000000,1635.0000000000000000,29.0000000000000000,38.0000000000000000,9.0000000000000000,30.4386783364313160,1891.7093337161581985,28.1617740193752795,37.4482743956109303,14.6806801028814320
45.0000000000000000,1679.0000000000002274,30.0000000000000000,38.0000000000000000,9.0000000000000000,35.7503632645296321,1931.0919008552798459,28.5972230563517584,39.0911625249065509,14.9338878572246401
47.0000000000000000,1729.0000000000002274,30.0000000000000000,38.0000000000000000,9.0000000000000000,38.2308032451225159,1869.8301253064100820,29.1789847280777188,38.3533903895364148,14.1429336824521954
49.0000000000000000,1763.9999999999997726,27.0000000000000000,34.0000000000000000,12.0000000000000071,38.8809946148256245,1779.2501316349628269,27.6886501653021853,32.6542482475605667,11.0757916282317481
51.0000000000000000,1818.9999999999997726,23.0000000000000000,32.0000000000000000,15.0000000000000000,33.1214021375004819,1525.4702496876677742,27.0026022447484166,25.3975162811845259,8.1377621878165769
52.0000000000000000,1868.9999999999997726,25.0000000000000000,29.0000000000000000,-6.0000000000000000,29.8031613808469054,1472.3769425732778018,24.4830053415064022,28.4325769365592542,12.1124691187059881
54.0000000000000000,1489.0000000000000000,25.0000000000000000,34.0000000000000000,12.0000000000000071,35.5311782262322140,1710.1190818848435811,26.0592830327650233,31.8452262104946762,6.6528520188693392
54.9999999999999929,1530.0000000000000000,24.0000000000000000,32.0000000000000000,12.9999999999999929,39.8736930728062973,1652.5204640562492386,24.8845741388996160,30.7458994809895145,7.6822997784042855
56.0000000000000000,1505.0000000000000000,15.0000000000000000,21.0000000000000000,-3.0000000000000000,31.5474002157957329,1037.0378733001709861,18.7910911817349771,15.8557521708607627,2.2230848625091184
56.0000000000000000,1495.0000000000000000,13.0000000000000000,7.0000000000000000,-6.0000000000000000,30.9762729137815640,1555.6491547950631684,9.7098402855907562,14.9586914347792739,-7.8566740017374848
56.0000000000000000,1498.0000000000000000,13.0000000000000000,7.0000000000000000,-9.0000000000000000,42.1040069013213696,1488.0482586399575666,11.3125340069782201,11.6951723207873233,-6.7464778683501372
56.0000000000000000,1489.0000000000000000,13.0000000000000000,6.0000000000000000,-9.0000000000000000,47.3670331152638937,1528.3982014655355215,11.4005312846641882,10.3395160733866565,-8.1556029859265458
54.9999999999999929,1473.0000000000000000,12.0000000000000000,6.0000000000000000,-9.0000000000000000,49.7313794993911813,1426.7459522491221833,11.7770544653850706,7.7838694795287680,-9.0468654069845051
53.0000000000000000,1417.0000000000000000,12.0000000000000000,6.0000000000000000,-9.0000000000000000,49.3804747679608695,1423.9891499007876519,11.5114566393577498,8.0527373402067290,-9.7814695750045999
49.0000000000000000,1329.0000000000000000,12.0000000000000000,6.0000000000000000,-9.0000000000000000,47.6372253698396690,1395.7574014094350332,11.0995172637155868,8.8374200409201880,-10.9161372572865893
43.0000000000000000,1192.0000000000000000,12.0000000000000000,6.0000000000000000,-9.0000000000000000,44.1219843280617781,1344.0419756993567262,10.4496686203052480,10.3046972899369695,-12.5536467861383159
36.0000000000000000,1305.0000000000000000,12.0000000000000000,6.0000000000000000,-9.0000000000000000,47.0257696933113607,1267.7657990189884458,11.3287411491751016,9.3537677725460906,-11.9426253127897724
29.0000000000000000,1225.0000000000000000,12.0000000000000000,6.0000000000000000,-9.0000000000000000,43.0835754596880349,1226.6120196971114638,11.0322696685295281,10.2317702471073346,-12.8538863712972002
23.0000000000000000,1081.0000000000000000,15.0000000000000000,8.0000000000000000,-8.0000000000000000,33.3689391251879570,1366.7409880482550761,11.3231263367855135,17.7580865883883057,-10.9463023672502509
18.0000000000000000,1009.0000000000000000,12.0000000000000000,6.0000000000000000,-5.0000000000000000,32.4532502261993372,1094.8521234137856482,11.6675083642318711,11.8947060955238531,-13.8885750011710947
17.0000000000000000,1252.0000000000000000,21.0000000000000000,12.0000000000000000,-22.0000000000000000,20.4752317811064337,1366.6639745833927009,12.7610107041414622,29.0727259964447207,1.8878593561125072
20.0000000000000000,1780.0000000000000000,21.0000000000000000,28.0000000000000000,15.0000000000000000,56.2490789970095335,1362.6077140044676526,27.3042355860443173,20.0163084758882164,6.8670798172042637
24.0000000000000000,2043.0000000000000000,23.0000000000000000,28.0000000000000000,15.0000000000000000,54.8427507650678550,1681.2981785686422427,27.3519220705477935,23.0922142869393454,16.2013386232453698
27.0000000000000000,2299.0000000000000000,24.0000000000000000,28.0000000000000000,17.0000000000000000,56.1167936028221703,1890.1340991729632606,28.1798474524261771,23.6075230541878085,20.8760768434103809
30.0000000000000036,1790.0000000000000000,23.0000000000000000,27.0000000000000000,15.0000000000000000,37.5425920527165147,1918.7861039000110850,22.3185906690708435,28.9776407543280072,8.5155847505781708
31.9999999999999964,1783.9999999999997726,25.0000000000000000,32.0000000000000000,14.0000000000000000,33.3780083101216078,1868.9445415875870822,24.6969091708155659,30.8222650227079988,11.6061029149222605
35.0000000000000000,1797.0000000000000000,26.0000000000000000,33.0000000000000000,12.9999999999999929,33.3774741547198559,1871.1400974382013374,25.4537579276147099,31.5609224309558947,12.4564295977936652
37.0000000000000000,1828.0000000000000000,26.0000000000000000,34.0000000000000000,12.9999999999999929,33.4659577225839016,1844.1848455412539352,26.2813439452156707,31.2442347540724938,13.9183068639856558
39.0000000000000000,1907.0000000000000000,26.0000000000000000,35.0000000000000000,-1.0000000000000000,34.8828196889768165,1485.5235956147894285,28.7073904387224310,24.4380184648303924,16.1633191277628185
40.0000000000000000,1509.0000000000000000,27.0000000000000000,35.9999999999999929,12.0000000000000071,25.9739208071810026,1919.9358632427286011,24.4935236874793176,36.4460879263547071,5.1570850040754053
41.0000000000000000,1541.0000000000000000,27.0000000000000000,37.0000000000000000,12.0000000000000071,30.1682509014421534,1837.4123780989500574,25.9273981787767021,35.8920890285753273,8.4346796647245696
42.0000000000000000,1571.0000000000000000,26.0000000000000000,35.9999999999999929,12.0000000000000071,32.5463414068440144,1757.0542388789690449,25.9978281858070801,34.1738238252885438,9.3899065195357565
43.0000000000000000,1608.0000000000000000,26.0000000000000000,35.0000000000000000,12.0000000000000071,35.3376845168834706,1759.5725102135043016,25.8356780712336978,34.0488758417670141,9.9816354920543304
45.0000000000000000,1651.0000000000000000,26.0000000000000000,35.0000000000000000,12.0000000000000071,36.8516468786848108,1746.0327802885014989,26.1978854739415006,33.5770702038557260,11.0675067268462612
46.0000000000000000,1695.0000000000000000,25.0000000000000000,34.0000000000000000,12.0000000000000071,37.4719464779605360,1701.2112220340586646,26.0479020739189373,31.5514737813651749,11.4327924009879212
47.0000000000000000,1726.0000000000000000,25.0000000000000000,34.0000000000000000,12.0000000000000071,38.7213259336607933,1703.1622317078799824,26.1417495964356981,31.4198882450930519,12.0577319021889195
48.0000000000000000,1739.0000000000002274,25.0000000000000000,34.0000000000000000,12.9999999999999929,39.9641936687784067,1729.7285868715903234,26.1116463982903610,31.7738887741400902,12.3023044689054757
49.0000000000000000,1747.0000000000000000,24.0000000000000000,33.0000000000000000,12.0000000000000071,40.1246370664589094,1678.9843615525560381,25.6531465645992789,29.9615668935389117,12.0649401793998976
48.0000000000000000,1741.0000000000000000,14.0000000000000000,17.0000000000000000,6.0000000000000000,37.3337728886274789,1406.9377657426678070,18.8981315053210679,12.4276182200707375,3.2919027371533502
47.0000000000000000,1700.0000000000000000,13.0000000000000000,7.0000000000000000,-5.0000000000000000,40.3599390999140866,1498.8234822407976026,12.9041764703976813,9.8120021068558536,-2.2098448059372657
45.0000000000000000,1633.0000000000000000,13.0000000000000000,7.0000000000000000,-6.0000000000000000,41.2334594343950513,1530.5431371105719336,12.5552134151058858,9.2663029352549167,-4.5108531747769192
43.0000000000000000,1562.0000000000000000,12.0000000000000000,7.0000000000000000,-8.0000000000000000,40.0917430733744169,1436.4190736159803237,12.3072237383943648,7.3819036550664565,-5.9439000155336927
41.0000000000000000,1496.0000000000000000,12.0000000000000000,7.0000000000000000,-9.0000000000000000,39.0103423441209358,1419.8006154770584999,11.8577559645628483,7.8297449651516384,-7.5500505772996611
38.0000000000000000,1374.0000000000000000,12.0000000000000000,6.0000000000000000,-8.0000000000000000,37.0909576645305137,1474.5389669108706130,10.5560486514250123,9.8047638522270439,-10.6461339745971131
31.9999999999999964,1172.0000000000000000,13.0000000000000000,6.0000000000000000,7.0000000000000000,36.0727175808491793,1857.8118691592451341,8.9541597849616679,19.9994409726569096,-13.9317042635891113
26.0000000000000000,1297.0000000000000000,12.0000000000000000,6.0000000000000000,-9.0000000000000000,34.6998599521669391,1190.7036783245321203,10.7245000362837164,10.3670595207791294,-8.1967172275953359
22.0000000000000000,1082.0000000000000000,11.0000000000000000,7.0000000000000000,-9.0000000000000000,28.0872439884998002,1069.1435023950523373,10.3096978476276568,10.1947615388275050,-11.7918879707953579
17.0000000000000000,1468.0000000000000000,20.0000000000000000,22.0000000000000000,-18.0000000000000000,34.1759077807058276,1076.7258953591135651,16.9888067855621827,24.5492571139038809,2.3771445401307147
19.0000000000000000,1701.0000000000000000,22.0000000000000000,27.0000000000000000,12.9999999999999929,43.7248735973125875,1424.2929551726540467,23.6293058815864470,25.0722313500961178,-0.8345495306059121
21.0000000000000000,1861.0000000000000000,24.0000000000000000,30.0000000000000000,15.0000000000000000,42.8333955637033768,1642.4901904209577879,25.1789903669655040,28.1044082919501541,7.8856653412645699
22.0000000000000000,1976.0000000000000000,25.0000000000000000,31.0000000000000000,15.0000000000000000,41.6913127105607515,1769.9760472134612428,25.9026726633413844,29.3541449121422247,12.4942951290853799
24.0000000000000000,2114.0000000000000000,25.0000000000000000,31.0000000000000000,15.0000000000000000,41.6996394035175797,1830.0877842755330676,26.4920291954172384,28.1301134811647735,15.2733987057622542
25.0000000000000000,2213.0000000000000000,25.0000000000000000,29.0000000000000000,15.0000000000000000,41.5456580781443989,1959.5796896821525479,25.8820208843637261,27.7433453721809684,16.0541791761411190
27.0000000000000000,2310.0000000000000000,24.0000000000000000,28.0000000000000000,17.0000000000000000,39.7807901317658406,1976.1479976712814732,25.8771212374387005,25.0812093670029412,16.4899868527745710
28.0000000000000000,2404.0000000000000000,25.0000000000000000,29.0000000000000000,18.0000000000000000,38.0111756295528238,2103.2038961151902186,26.3983670461742257,26.8591416347683598,18.7441501277320697
29.0000000000000000,2499.0000000000000000,25.0000000000000000,29.0000000000000000,18.0000000000000000,35.7040501862849666,2147.7426240806871647,26.5833763655662736,26.4223210490970111,19.9125280030983802
31.0000000000000036,2585.0000000000000000,23.0000000000000000,26.0000000000000000,18.0000000000000000,32.6812588701195423,2122.5341034084790408,25.4227740786447747,22.4200868763231824,18.7804247395574038
31.0000000000000036,2616.0000000000000000,22.0000000000000000,21.0000000000000000,19.0000000000000000,37.7043758996293334,2335.3467854138948496,22.8194454133244200,21.5484704009841934,17.0860611978171377
31.9999999999999964,2293.0000000000000000,23.0000000000000000,25.0000000000000000,10.0000000000000000,31.7155126264363112,2065.2089398626926595,22.9682321063582862,24.6175376484502237,15.0299735487012782
33.0000000000000000,1793.9999999999997726,22.0000000000000000,27.0000000000000000,15.0000000000000000,29.7498358632000262,2016.4904156227664771,22.4368395164109060,26.4691498872049173,8.2653245219789468
33.0000000000000000,1745.0000000000000000,21.0000000000000000,27.0000000000000000,15.0000000000000000,27.4671322752387823,1875.5569261589280359,22.1782362949916738,25.1292175711740384,7.8618323392111975
34.0000000000000000,1693.0000000000000000,20.0000000000000000,26.0000000000000000,15.0000000000000000,27.6314462580169007,1784.4683824021462897,21.3520760402743690,24.0184963009155297,7.5918494954444640
35.0000000000000000,1705.0000000000000000,17.0000000000000000,17.9999999999999964,14.0000000000000000,32.4502777268855596,1840.0992876561988396,17.5217420796778960,18.9191316259802349,4.0042804488030939
34.0000000000000000,1712.0000000000000000,13.0000000000000000,7.0000000000000000,-5.0000000000000000,28.1596939265989938,1598.0133968998293312,12.4061340762179544,9.3695347863706342,-1.7060309286088682
34.0000000000000000,1639.0000000000002274,12.0000000000000000,7.0000000000000000,24.0000000000000000,44.0142774665689487,2031.2311987731420686,11.8894630928186373,11.6511971280338571,-3.3987971277739319
33.0000000000000000,1626.0000000000000000,13.0000000000000000,6.0000000000000000,-7.0000000000000036,30.7164650000116026,1644.7828983844026425,11.7041614547509472,9.4121956458879446,1.0417101077192257
31.9999999999999964,1566.0000000000000000,12.0000000000000000,7.0000000000000000,-8.0000000000000000,26.4728291207668711,1435.7587949132123413,12.1444296486678116,7.2717077589458414,-0.7686449963770841
31.0000000000000036,1520.0000000000000000,12.0000000000000000,7.0000000000000000,-9.0000000000000000,27.3468051280402520,1450.8935507763910664,11.8523929972301101,7.7123523451907792,-3.0365250922873628
30.0000000000000036,1463.0000000000000000,12.0000000000000000,7.0000000000000000,-9.0000000000000000,28.2244621572773511,1464.9555646065900874,11.5394247071654892,8.2798666584401310,-5.1923749249112454
28.0000000000000000,1376.0000000000000000,12.0000000000000000,6.0000000000000000,-11.0000000000000000,30.1986331603511324,1511.7908202690503003,10.6439071010904804,9.0851163779784567,-8.9802409956538725
24.0000000000000000,1217.0000000000000000,12.0000000000000000,5.0000000000000000,10.0000000000000000,39.0162398001940787,1783.7118664347672166,8.7300184965906258,13.2648645556483800,-14.8593065990592201
20.0000000000000000,1233.0000000000000000,12.0000000000000000,7.0000000000000000,-6.0000000000000000,26.9434986223382431,1400.6226607237588269,10.2405731410492535,11.6432410645937647,-6.8202956917545592
19.0000000000000000,1178.0000000000000000,12.0000000000000000,6.0000000000000000,31.0000000000000000,31.1460658595550797,1561.6639489302706352,10.9153619068715884,11.2678591290661707,-7.0465249822257263
18.0000000000000000,1447.0000000000000000,17.0000000000000000,17.0000000000000000,-15.0000000000000000,27.2435054224708360,1592.6518327886619772,14.5876361077704413,22.0898373928540153,7.4598521880186865
18.0000000000000000,1616.0000000000000000,19.0000000000000000,23.0000000000000000,14.0000000000000000,25.5405873402689600,1570.3518361136873409,19.1853236660297739,21.7425060719528105,2.8544309858182118
19.0000000000000000,1710.0000000000000000,20.0000000000000000,23.0000000000000000,17.0000000000000000,26.6011653314082928,1704.8713707743777377,19.7555686395261141,23.0620169210348926,8.4622748034097910
20.0000000000000000,1806.0000000000000000,21.0000000000000000,25.0000000000000000,17.0000000000000000,26.2281558690249419,1762.7043404317053046,21.0717520837159249,24.2902871167322445,11.2940443953789895
22.0000000000000000,1927.0000000000000000,21.0000000000000000,25.0000000000000000,17.0000000000000000,26.8792340597157242,1786.8451641638764613,21.7276181326966800,23.1349158820839094,12.1456556241881799
23.0000000000000000,2023.9999999999997726,21.0000000000000000,25.0000000000000000,18.0000000000000000,27.2206779064243278,1816.0133810487423034,22.1589623494337644,22.4336732343575562,13.0414965479261156
25.0000000000000000,2148.0000000000000000,21.0000000000000000,24.0000000000000000,19.0000000000000000,28.7798788013125915,1891.5052426614388423,22.3148684206655581,21.5324730789351477,15.2360241438960458
26.0000000000000000,2239.0000000000000000,20.0000000000000000,21.0000000000000000,20.0000000000000000,30.3675156197635054,1906.9504018167428967,21.4624697007456788,19.0343224487461740,16.1195077254053842
28.0000000000000000,2334.0000000000000000,21.0000000000000000,23.0000000000000000,19.0000000000000000,29.6726054536081065,2005.3318080409578670,22.4407982124190184,20.6791653875757753,18.6558130671024784
28.0000000000000000,2404.0000000000000000,22.0000000000000000,23.0000000000000000,3.0000000000000000,33.5719900238882332,2092.6459026452594117,21.7920998086965021,23.8304105833724300,22.3034172657667256
29.0000000000000000,1672.0000000000000000,23.0000000000000000,29.0000000000000000,14.0000000000000000,22.7180267875589870,2102.5912635771824171,22.0925989543175412,28.3650611754918067,15.0204232440394705
30.0000000000000036,1639.0000000000002274,23.0000000000000000,30.0000000000000000,14.0000000000000000,23.3656919714231748,1969.2681441200159043,22.8094741762784032,28.5508469501888023,13.4801114546215643
31.9999999999999964,1590.0000000000000000,23.0000000000000000,30.0000000000000000,14.0000000000000000,25.2794104988344266,1886.6212641276615614,22.9000780545433891,28.8661646246162640,13.3364677476373714
33.0000000000000000,1671.0000000000000000,22.0000000000000000,30.0000000000000000,15.0000000000000000,23.2762770392540261,1640.8916800227802923,23.3295580875094757,26.3227147155646577,10.1025557124549792
35.0000000000000000,1721.0000000000000000,21.0000000000000000,27.0000000000000000,16.0000000000000000,25.4869572779343017,1669.0127718346584516,22.1748420811236642,24.0939959957582737,10.7708781261989586
35.0000000000000000,1715.0000000000000000,13.0000000000000000,10.0000000000000000,9.0000000000000000,21.7538345519036831,1433.5531521789268936,14.7837810649068953,7.6543372206053943,-0.0921244022092580
34.0000000000000000,1675.0000000000000000,13.0000000000000000,7.0000000000000000,-5.0000000000000000,26.7363584789114306,1682.7984104411584667,12.2737595464192815,9.4314031327154488,4.3958882295408515
34.0000000000000000,1660.0000000000000000,13.0000000000000000,7.0000000000000000,-6.0000000000000000,28.7577369972115910,1677.2411114252086008,12.4128039164648332,8.8682322709757777,1.6269936783074783
33.0000000000000000,1638.0000000000000000,12.0000000000000000,7.0000000000000000,-6.0000000000000000,27.0424849883834462,1516.7465125583855752,12.4095996434517009,6.6248778583487482,-2.3050367215025673
31.0000000000000036,1553.0000000000000000,12.0000000000000000,7.0000000000000000,-9.0000000000000000,27.9066433068412678,1530.1439064709888953,11.7811271840445659,7.7423470510539225,-3.5626289532652038
30.0000000000000036,1456.0000000000000000,12.0000000000000000,6.0000000000000000,-9.0000000000000000,29.8226499731167394,1597.6031310683160882,10.9497697602067596,8.5734829580929137,-4.7569963304850766
29.0000000000000000,1442.0000000000000000,12.0000000000000000,6.0000000000000000,-9.0000000000000000,29.8443306778724740,1571.2295279623187980,10.9715366933999849,8.5415293085256909,-5.6830458649921134
30.0000000000000036,1455.0000000000000000,13.0000000000000000,5.0000000000000000,29.0000000000000000,34.6971715498931630,1905.6574167200226384,11.6891181768877370,10.5805232184548483,-4.8237652562471531
31.0000000000000036,1496.0000000000000000,16.0000000000000000,12.0000000000000000,15.0000000000000000,31.5253963711507232,1765.0641956258064056,14.8953131097593534,14.8138383382104823,11.0331563640262686
31.9999999999999964,1551.0000000000000000,16.0000000000000000,15.0000000000000000,16.0000000000000000,27.4066107038487772,1575.0401959236187395,16.5725806181188027,13.6289435033777977,5.4779357305299214
31.9999999999999964,1596.0000000000000000,16.0000000000000000,14.0000000000000000,15.0000000000000000,29.5436200070499311,1626.9700451623461959,16.2154822794168005,13.5968725939435036,7.8631346407215759
34.0000000000000000,1606.0000000000000000,12.0000000000000000,11.0000000000000000,2.0000000000000000,22.9477770971888120,1227.8842015469656417,14.5991060569142732,4.9920921044612419,-9.8132595167004375
31.9999999999999964,1591.0000000000000000,13.0000000000000000,7.0000000000000000,-7.0000000000000036,31.1314360102843786,1632.5673947202776617,12.0604078812488975,9.5290912199649842,4.6074446692792748
31.0000000000000036,1539.0000000000000000,12.0000000000000000,7.0000000000000000,-9.0000000000000000,29.1551145879020410,1495.9699962641889215,11.8634560761600785,7.6244436341449386,-0.9772105658242367
30.0000000000000036,1478.0000000000000000,12.0000000000000000,7.0000000000000000,-9.0000000000000000,28.7789048016824403,1490.2869429665595362,11.5857484310768637,8.1545462135596765,-1.4677179007641357
27.0000000000000000,1314.0000000000000000,12.0000000000000000,6.0000000000000000,-10.0000000000000000,28.1238524846321774,1492.0852939987523769,10.3752690154140712,9.8567859264419120,0.1271302571820101
24.0000000000000000,1215.0000000000000000,12.0000000000000000,6.0000000000000000,3.0000000000000000,27.1940035142012064,1389.9871912427229290,10.4815966449626536,10.2781738054442151,-1.4876936940284793
21.0000000000000000,1531.0000000000000000,13.0000000000000000,7.0000000000000000,8.0000000000000000,30.9977420017348280,1368.3495238822245028,12.4307634391524999,10.4537870397114023,-0.0804558137661999
21.0000000000000000,1543.0000000000000000,13.0000000000000000,7.0000000000000000,7.0000000000000000,29.6678177864464949,1421.2231378230271730,12.6146772447664279,9.4858630313673924,2.4114950649378457
20.0000000000000000,1387.0000000000000000,12.0000000000000000,6.0000000000000000,-3.0000000000000000,26.6400596943283858,1374.7555358581771543,11.0397288962593638,9.2118943320150706,1.1970332621246413
19.0000000000000000,1208.0000000000000000,12.0000000000000000,6.0000000000000000,-4.0000000000000000,23.4964799601216150,1368.1042564733361360,10.2473145233708376,10.8889935216398968,1.4564089664480804
15.9999999999999982,1023.0000000000000000,12.0000000000000000,6.0000000000000000,0.0000000000000000,19.4326704693898016,1291.5000216530449961,9.6677576543883212,12.3387573911002697,0.9957299188161031
13.0000000000000000,906.9999999999998863,12.0000000000000000,8.0000000000000000,5.0000000000000000,15.6260441580206404,1121.8801692950389679,10.4223430801909309,12.0808021117566682,-0.5882466006980422
11.0000000000000000,854.0000000000000000,13.0000000000000000,11.0000000000000000,-4.0000000000000000,13.8098971359329550,1076.5553120357258194,10.5422567785412102,15.4220803610093231,2.7105579482763318
10.0000000000000000,828.0000000000000000,15.0000000000000000,12.0000000000000000,-6.0000000000000000,11.8333328372738809,1132.7447155425827532,10.8499041469113120,18.8368083345332451,7.5373212231580951
10.0000000000000000,842.0000000000001137,14.0000000000000000,13.0000000000000000,-9.0000000000000000,11.7053333983564389,935.8124106551849763,11.4689424791393524,14.9427855510446630,-1.5060235861633089
7.9999999999999991,831.0000000000000000,15.0000000000000000,15.0000000000000000,2.0000000000000000,10.4668625461950118,909.7176926216117181,14.0417178809879815,14.8001374942722119,-1.8776261321556902
7.9999999999999991,847.0000000000001137,15.0000000000000000,17.9999999999999964,-6.0000000000000000,10.2645574020232377,835.8794799094511063,14.5234729933410218,15.6725183046522201,-2.6240626396575024
9.0000000000000000,877.0000000000001137,14.0000000000000000,16.0000000000000000,-4.0000000000000000,11.1350291522832645,848.3790978054274774,14.1522866426461427,14.2112091155456088,-4.6545969448784916
10.0000000000000000,1070.0000000000000000,17.0000000000000000,25.0000000000000000,-3.0000000000000000,12.8985458040011594,932.2952340052630689,18.7613594268065746,18.3112097483037033,-1.3851626622066178
11.0000000000000000,1211.0000000000000000,20.0000000000000000,26.0000000000000000,11.0000000000000000,13.2798240846341873,1177.6243280034527743,21.0106493316459826,22.2631615130514291,6.1109709790067583
12.0000000000000000,1270.0000000000000000,20.0000000000000000,25.0000000000000000,12.0000000000000071,14.2307439771270570,1226.4321616938605075,20.7188483585361602,22.6754464442359591,8.3845262837844317
14.0000000000000000,1394.0000000000000000,21.0000000000000000,28.0000000000000000,14.0000000000000000,15.4686641287814961,1329.6270795931354769,22.3553039929452382,23.9381986542995371,10.6430818494788042
15.9999999999999982,1534.0000000000000000,20.0000000000000000,25.0000000000000000,15.0000000000000000,19.6655254687346961,1379.3900985871293869,21.7212589465474544,21.9012809268292301,11.2588100692800879
18.0000000000000000,1628.0000000000000000,19.0000000000000000,23.0000000000000000,16.0000000000000000,22.0157412484567310,1438.8920404875452732,21.1951137485851184,19.9807566478945127,11.1955196879692451
20.0000000000000000,1717.0000000000000000,18.0000000000000000,21.0000000000000000,18.0000000000000000,23.7929903214237548,1517.5690781157748006,20.6854089610240344,18.1990897485824483,11.6640526438670520
20.0000000000000000,1760.0000000000000000,18.0000000000000000,20.0000000000000000,18.0000000000000000,24.1590420502394636,1560.9964691871625746,19.8955054522980284,19.1626967558149950,14.5528142050671434
21.0000000000000000,1817.0000000000000000,17.0000000000000000,17.9999999999999964,18.0000000000000000,25.1126257460407736,1606.2203963687236410,18.8256322700304324,17.6345187953026574,15.0259963058090733
22.0000000000000000,1850.0000000000000000,17.0000000000000000,17.9999999999999964,18.0000000000000000,24.7215202188706407,1681.4415422690253763,18.5120631209132043,17.4248616098598603,16.1235685450240283
22.0000000000000000,1863.9999999999997726,17.0000000000000000,17.0000000000000000,18.0000000000000000,25.0796317982120307,1702.7588848163541115,17.7349515532041977,17.6201271135404980,17.2227273580732501
22.0000000000000000,1858.0000000000000000,17.0000000000000000,15.0000000000000000,12.0000000000000071,27.3194401835473784,1595.8033185634096753,15.8049508565359069,18.0118077694145562,17.9128311710781318
21.0000000000000000,1645.0000000000000000,13.0000000000000000,8.9999999999999982,-4.0000000000000000,26.5622751906283554,1275.6126604535536444,11.1873258660912835,12.2077272275030424,7.5482159520309651
20.0000000000000000,1507.0000000000000000,13.0000000000000000,8.0000000000000000,28.0000000000000000,20.1511749336186057,1811.3112506153784125,14.3322563753345857,11.7981875617244789,2.8754907064308100
18.0000000000000000,1372.0000000000000000,12.0000000000000000,7.0000000000000000,0.0000000000000000,20.8623255170900386,1267.9171991748660275,10.4936516595713751,10.6751828163532902,4.7975574494489521
17.0000000000000000,1343.0000000000000000,14.0000000000000000,11.0000000000000000,1.0000000000000000,18.9248147902410722,1310.3976639424336099,12.4440797307392206,14.0278082020248309,5.8253074570124141
15.0000000000000018,1248.0000000000000000,14.0000000000000000,8.9999999999999982,2.0000000000000000,18.2816484246836133,1262.9115661890937190,11.2756438357945523,14.5546563430405591,5.1917285567814559
14.0000000000000000,1049.0000000000000000,13.0000000000000000,8.9999999999999982,-3.0000000000000000,14.4565988869846862,1148.9162623820395766,10.4962161691185152,13.4199701326442860,-0.9981718449715018
12.0000000000000000,1061.0000000000000000,16.0000000000000000,23.0000000000000000,-9.0000000000000000,10.3327171201283807,1077.3359672885178497,15.8887741863387522,18.7736678400538324,0.5686267169201429
12.0000000000000000,1202.0000000000000000,18.0000000000000000,26.0000000000000000,3.0000000000000000,11.5292945587921363,1234.5330605124540853,18.5778114521119946,22.1664864227062743,2.9296444517467677
12.0000000000000000,1243.0000000000000000,18.0000000000000000,22.0000000000000000,12.0000000000000071,12.8883680926781974,1316.1925646492697979,17.6294870312080150,21.9069180149160303,6.0619725737248231
13.0000000000000000,1351.0000000000000000,21.0000000000000000,27.0000000000000000,12.0000000000000071,13.5771472290945816,1407.4295487728857097,20.1674988400231356,26.9337454992989862,11.8493152568458200
15.9999999999999982,1510.0000000000000000,20.0000000000000000,25.0000000000000000,15.0000000000000000,16.1252838253241642,1512.9847210952145815,20.4212405875638758,23.4798454349496133,12.9334341626620386
18.0000000000000000,1600.0000000000000000,20.0000000000000000,24.0000000000000000,15.0000000000000000,17.9288024655740834,1588.1923943327478810,20.3433766862311316,22.7907148114471880,14.6268260713430323
19.0000000000000000,1717.0000000000000000,20.0000000000000000,24.0000000000000000,17.0000000000000000,19.6187223248948683,1645.3412380620973181,20.8730636189800549,22.2194879891537269,16.7384928680634175
20.0000000000000000,1807.0000000000000000,20.0000000000000000,25.0000000000000000,17.0000000000000000,20.5917385980614505,1692.2797933157503394,21.4980546328842870,21.9982518935109255,17.7007483697348533
19.0000000000000000,1748.0000000000000000,21.0000000000000000,26.0000000000000000,16.0000000000000000,19.6087660871272647,1682.5508851800461798,21.3711886674649314,24.8024959211315732,18.1818666852794451
19.0000000000000000,1732.0000000000000000,21.0000000000000000,26.0000000000000000,16.0000000000000000,19.2719850173943392,1690.8934692253344565,21.2904066838891737,24.9298845055868128,17.5314347058428694
18.0000000000000000,1673.0000000000000000,21.0000000000000000,26.0000000000000000,15.0000000000000000,18.4169947377123933,1646.3904972903035286,20.9357833290588857,25.5854548068234884,16.6307414105582865
17.0000000000000000,1611.0000000000000000,21.0000000000000000,26.0000000000000000,15.0000000000000000,17.4015520403671538,1609.7313161365207179,20.7234630861774143,26.0174698947547043,15.6708610686613170
15.9999999999999982,1490.0000000000000000,17.0000000000000000,24.0000000000000000,-6.0000000000000000,16.8608842269981558,1296.6376515864453722,17.4320818586104700,21.8899566400299186,6.7118803783787442
14.0000000000000000,1192.0000000000000000,13.0000000000000000,10.0000000000000000,0.0000000000000000,15.9081495611434622,1131.6008839952487506,11.5139198693623328,14.1542570836235395,3.5348549054541181
13.0000000000000000,971.9999999999998863,13.0000000000000000,8.9999999999999982,-5.0000000000000000,12.8604055755842115,1065.5817054128920063,10.2154901336464157,14.7129898931920788,0.7402999202690523
12.0000000000000000,896.0000000000000000,13.0000000000000000,8.9999999999999982,-2.0000000000000000,11.5323926683141647,1008.6150640704576062,10.6308385487053769,13.3783425750906328,-2.1330217232129769
11.0000000000000000,858.0000000000000000,14.0000000000000000,10.0000000000000000,0.0000000000000000,10.8957767265334233,961.9187507061549240,11.5286323200201277,14.0438443494201586,-0.6776348097993719
12.0000000000000000,1111.0000000000000000,16.0000000000000000,19.0000000000000000,3.0000000000000000,11.7095469346114864,1166.4337426696508828,15.7343148955041610,18.1475896723651076,1.3685027352597530
12.0000000000000000,1145.0000000000000000,16.0000000000000000,17.0000000000000000,12.0000000000000071,12.3672138024215243,1192.4375896841040685,16.8120066155244174,16.3310102542340445,3.7846444003195998
13.0000000000000000,1169.0000000000000000,16.0000000000000000,17.0000000000000000,12.9999999999999929,12.5508287810471995,1238.9653390930448040,16.9926649867050124,15.5668166400804378,4.4744794943176984
13.0000000000000000,1207.0000000000000000,16.0000000000000000,17.0000000000000000,14.0000000000000000,13.1561556716149948,1229.3339667848965746,16.9143383883441487,16.2491036406729492,5.9659755317669863
14.0000000000000000,1183.0000000000000000,14.0000000000000000,16.0000000000000000,-2.0000000000000000,13.6712521382027017,1180.4363787113691160,13.9710419631279343,15.6580775793396167,0.1394953793567950
13.0000000000000000,966.0000000000000000,13.0000000000000000,8.9999999999999982,0.0000000000000000,12.6299119356141674,1006.5584357484829070,11.6261819799399735,11.5336434186891434,1.0912233069157722
12.0000000000000000,888.0000000000000000,12.0000000000000000,10.0000000000000000,0.0000000000000000,10.7964298724281171,971.9575255866212729,12.0329044611617419,9.5617943596729287,-3.8689663990767400
11.0000000000000000,859.0000000000000000,12.0000000000000000,10.0000000000000000,0.0000000000000000,10.5115499933569669,909.7423770488815080,11.7933445767257918,10.3015185926860653,-2.9854995402644491
10.0000000000000000,847.0000000000001137,13.0000000000000000,10.0000000000000000,-3.0000000000000000,10.9682508429288355,828.1418683232652711,11.0270304935277945,13.3235088514382571,1.3050015318205084
10.0000000000000000,837.0000000000001137,14.0000000000000000,12.0000000000000000,-8.0000000000000000,10.4167519776052053,847.6461410508668450,10.9371071432625264,15.1219285467985625,1.2603474022208800
9.0000000000000000,832.0000000000001137,14.0000000000000000,16.0000000000000000,-4.0000000000000000,8.4931629396891459,898.1579507978547099,13.0638710713247139,14.6774608959092827,-3.5712201006011455
7.9999999999999991,846.0000000000000000,15.0000000000000000,19.0000000000000000,-11.0000000000000000,8.2954439100141002,854.6043135932789028,12.6751117533442041,18.9154511602695763,-2.7007959799850809
7.0000000000000000,865.0000000000000000,16.0000000000000000,21.0000000000000000,-11.9999999999999964,8.0240042668686318,825.5139444288806772,13.5737487187360610,21.9363908964874206,-3.2166476410469187
5.0000000000000000,867.0000000000001137,19.0000000000000000,25.0000000000000000,-13.0000000000000000,6.8071568356874561,791.9988985333271785,15.5270668275491666,27.5150237755263127,-2.6193398263930447
3.0000000000000000,926.0000000000000000,20.0000000000000000,26.0000000000000000,-13.0000000000000000,6.5915934913871155,741.2511357775454144,16.9570347951897027,30.8591940260336060,-4.7795870915363459
0.9999999999999999,966.0000000000000000,20.0000000000000000,27.0000000000000000,-21.0000000000000000,5.1866130322014516,721.1514656980249356,18.2058370287256963,32.1327029956084900,-10.7737962260494911
0.0000000000000000,950.0000000000000000,14.0000000000000000,26.0000000000000000,-18.0000000000000000,4.9398484646668317,670.9849291419304791,19.2905860461198877,23.7012211965403878,-26.5787600936110238
0.0000000000000000,941.9999999999998863,17.0000000000000000,21.0000000000000000,-11.0000000000000000,6.4090156273143988,676.9278382845703845,14.7148339716847563,27.1053270703123523,-15.9952914012039287
0.9999999999999999,971.9999999999998863,17.0000000000000000,26.0000000000000000,-15.0000000000000000,3.0247867438343072,898.4530302544117148,18.0052071133056053,25.2476068730174674,-15.5946478738088139
1.9999999999999998,960.0000000000001137,15.0000000000000000,22.0000000000000000,-8.0000000000000000,5.5607682304064285,888.7228695085866548,16.6516734619338642,21.6273783300056728,-14.5214796423836034
3.0000000000000000,920.0000000000000000,18.0000000000000000,24.0000000000000000,-11.9999999999999964,3.2088115656190785,955.4775021575156870,16.9387488010476090,24.1418622188016379,-11.7030356814662113
1.9999999999999998,934.0000000000000000,20.0000000000000000,27.0000000000000000,-14.0000000000000000,1.5666539324055606,986.0793306475413829,18.4350993626288471,27.1559495416462546,-12.0168591402725475
1.9999999999999998,943.0000000000000000,19.0000000000000000,27.0000000000000000,-13.0000000000000000,1.7349571529756114,985.4325814163451014,18.8380684623781818,26.1182707228144473,-13.2810106981989335
0.9999999999999999,936.0000000000000000,16.0000000000000000,27.0000000000000000,-11.0000000000000000,1.4158343512369034,973.1545336593198954,19.0204246182826822,23.5115462461778222,-17.1105124019509205
0.0000000000000000,981.0000000000000000,17.0000000000000000,25.0000000000000000,-9.0000000000000000,3.5906716255458266,901.9891805620710556,17.4400429032109336,26.2896024256038778,-13.2212501244163114
0.0000000000000000,1023.0000000000000000,10.0000000000000000,14.0000000000000000,-9.0000000000000000,9.7125332451662345,638.9533988028549629,10.9523881758069184,19.9574234393605003,-9.3933933528957496
